time,lat,lon,GHI,model_index
2018-07-01 08:00:00,62.0,9.0,616.2103,6.0
2018-07-01 09:00:00,62.0,9.0,722.0835,6.0
2018-07-01 10:00:00,62.0,9.0,802.8864,6.0
2018-07-01 11:00:00,62.0,9.0,842.5558,6.0
2018-07-01 12:00:00,62.0,9.0,847.50366,6.0
2018-07-01 13:00:00,62.0,9.0,804.92944,6.0
2018-07-01 14:00:00,62.0,9.0,735.9172,6.0
2018-07-01 15:00:00,62.0,9.0,610.37823,6.0
2018-07-01 16:00:00,62.0,9.0,473.87482,6.0
2018-07-01 17:00:00,62.0,9.0,309.83218,6.0
2018-07-01 18:00:00,62.0,9.0,162.2685,6.0
2018-07-01 19:00:00,62.0,9.0,92.61894,6.0
2018-07-01 20:00:00,62.0,9.0,56.54358,6.0
2018-07-01 21:00:00,62.0,9.0,11.337698,5.0
2018-07-01 22:00:00,62.0,9.0,0.0,4.0
2018-07-01 23:00:00,62.0,9.0,0.0,4.0
2018-07-02 00:00:00,62.0,9.0,0.0,4.0
2018-07-02 01:00:00,62.0,9.0,0.0,4.0
2018-07-02 02:00:00,62.0,9.0,0.0,4.0
2018-07-02 03:00:00,62.0,9.0,54.032173,5.0
2018-07-02 04:00:00,62.0,9.0,125.94211,6.0
2018-07-02 05:00:00,62.0,9.0,208.56445,6.0
2018-07-02 06:00:00,62.0,9.0,340.78058,6.0
2018-07-02 07:00:00,62.0,9.0,489.95056,6.0
2018-07-02 08:00:00,62.0,9.0,617.4138,6.0
2018-07-02 09:00:00,62.0,9.0,721.60046,6.0
2018-07-02 10:00:00,62.0,9.0,792.5916,6.0
2018-07-02 11:00:00,62.0,9.0,798.06146,6.0
2018-07-02 12:00:00,62.0,9.0,783.95264,6.0
2018-07-02 13:00:00,62.0,9.0,756.2432,6.0
2018-07-02 14:00:00,62.0,9.0,654.5198,6.0
2018-07-02 15:00:00,62.0,9.0,562.96814,6.0
2018-07-02 16:00:00,62.0,9.0,446.36874,6.0
2018-07-02 17:00:00,62.0,9.0,337.16312,6.0
2018-07-02 18:00:00,62.0,9.0,226.13263,6.0
2018-07-02 19:00:00,62.0,9.0,119.99896,6.0
2018-07-02 20:00:00,62.0,9.0,62.086685,6.0
2018-07-02 21:00:00,62.0,9.0,0.0,4.0
2018-07-02 22:00:00,62.0,9.0,0.0,4.0
2018-07-02 23:00:00,62.0,9.0,0.0,4.0
2018-07-03 00:00:00,62.0,9.0,0.0,4.0
2018-07-03 01:00:00,62.0,9.0,0.0,4.0
2018-07-03 02:00:00,62.0,9.0,0.0,4.0
2018-07-03 03:00:00,62.0,9.0,6.922653,5.0
2018-07-03 04:00:00,62.0,9.0,29.567799,5.0
2018-07-03 05:00:00,62.0,9.0,97.16789,6.0
2018-07-03 06:00:00,62.0,9.0,248.43765,6.0
2018-07-03 07:00:00,62.0,9.0,398.73764,6.0
2018-07-03 08:00:00,62.0,9.0,588.1281,6.0
2018-07-03 09:00:00,62.0,9.0,713.4309,6.0
2018-07-03 10:00:00,62.0,9.0,798.6715,6.0
2018-07-03 11:00:00,62.0,9.0,844.69244,6.0
2018-07-03 12:00:00,62.0,9.0,850.42163,6.0
2018-07-03 13:00:00,62.0,9.0,755.0,4.0
2018-07-03 14:00:00,62.0,9.0,682.0,4.0
2018-07-03 15:00:00,62.0,9.0,642.3827,6.0
2018-07-03 16:00:00,62.0,9.0,533.0153,6.0
2018-07-03 17:00:00,62.0,9.0,396.74597,6.0
2018-07-03 18:00:00,62.0,9.0,275.43375,6.0
2018-07-03 19:00:00,62.0,9.0,164.03163,6.0
2018-07-03 20:00:00,62.0,9.0,71.84749,6.0
2018-07-03 21:00:00,62.0,9.0,8.081837,5.0
2018-07-03 22:00:00,62.0,9.0,0.0,4.0
2018-07-03 23:00:00,62.0,9.0,0.0,4.0
2018-07-04 00:00:00,62.0,9.0,0.0,4.0
2018-07-04 01:00:00,62.0,9.0,0.0,4.0
2018-07-04 02:00:00,62.0,9.0,0.0,4.0
2018-07-04 03:00:00,62.0,9.0,40.929913,5.0
2018-07-04 04:00:00,62.0,9.0,120.88011,6.0
2018-07-04 05:00:00,62.0,9.0,213.11801,6.0
2018-07-04 06:00:00,62.0,9.0,329.9521,6.0
2018-07-04 07:00:00,62.0,9.0,476.96753,6.0
2018-07-04 08:00:00,62.0,9.0,607.10815,6.0
2018-07-04 09:00:00,62.0,9.0,712.5488,6.0
2018-07-04 10:00:00,62.0,9.0,793.32153,6.0
2018-07-04 11:00:00,62.0,9.0,831.16705,6.0
2018-07-04 12:00:00,62.0,9.0,836.5048,6.0
2018-07-04 13:00:00,62.0,9.0,803.9798,6.0
2018-07-04 14:00:00,62.0,9.0,738.4673,6.0
2018-07-04 15:00:00,62.0,9.0,640.2117,6.0
2018-07-04 16:00:00,62.0,9.0,526.55664,6.0
2018-07-04 17:00:00,62.0,9.0,388.6076,6.0
2018-07-04 18:00:00,62.0,9.0,270.3962,6.0
2018-07-04 19:00:00,62.0,9.0,153.44586,6.0
2018-07-04 20:00:00,62.0,9.0,70.57573,6.0
2018-07-04 21:00:00,62.0,9.0,5.667449,5.0
2018-07-04 22:00:00,62.0,9.0,0.0,4.0
2018-07-04 23:00:00,62.0,9.0,0.0,4.0
2018-07-05 00:00:00,62.0,9.0,0.0,4.0
2018-07-05 01:00:00,62.0,9.0,0.0,4.0
2018-07-05 02:00:00,62.0,9.0,0.0,4.0
2018-07-05 03:00:00,62.0,9.0,39.695564,5.0
2018-07-05 04:00:00,62.0,9.0,118.2702,6.0
2018-07-05 05:00:00,62.0,9.0,217.72923,6.0
2018-07-05 06:00:00,62.0,9.0,333.52426,6.0
2018-07-05 07:00:00,62.0,9.0,472.51984,6.0
2018-07-05 08:00:00,62.0,9.0,600.37177,6.0
2018-07-05 09:00:00,62.0,9.0,702.4776,6.0
2018-07-05 10:00:00,62.0,9.0,778.87225,6.0
2018-07-05 11:00:00,62.0,9.0,750.4153,6.0
2018-07-05 12:00:00,62.0,9.0,611.9363,6.0
2018-07-05 13:00:00,62.0,9.0,467.53345,6.0
2018-07-05 14:00:00,62.0,9.0,316.6059,6.0
2018-07-05 15:00:00,62.0,9.0,343.12482,6.0
2018-07-05 16:00:00,62.0,9.0,378.50995,6.0
2018-07-05 17:00:00,62.0,9.0,325.4013,6.0
2018-07-05 18:00:00,62.0,9.0,139.4211,6.0
2018-07-05 19:00:00,62.0,9.0,94.652695,6.0
2018-07-05 20:00:00,62.0,9.0,52.72995,6.0
2018-07-05 21:00:00,62.0,9.0,0.0,4.0
2018-07-05 22:00:00,62.0,9.0,0.0,4.0
2018-07-05 23:00:00,62.0,9.0,0.0,4.0
2018-07-06 00:00:00,62.0,9.0,0.0,4.0
2018-07-06 01:00:00,62.0,9.0,0.0,4.0
2018-07-06 02:00:00,62.0,9.0,0.0,4.0
2018-07-06 03:00:00,62.0,9.0,0.27836323,5.0
2018-07-06 04:00:00,62.0,9.0,46.43112,6.0
2018-07-06 05:00:00,62.0,9.0,85.48358,6.0
2018-07-06 06:00:00,62.0,9.0,156.81125,6.0
2018-07-06 07:00:00,62.0,9.0,187.24411,6.0
2018-07-06 08:00:00,62.0,9.0,313.9859,6.0
2018-07-06 09:00:00,62.0,9.0,437.4129,6.0
2018-07-06 10:00:00,62.0,9.0,461.7196,6.0
2018-07-06 11:00:00,62.0,9.0,282.71027,6.0
2018-07-06 12:00:00,62.0,9.0,289.76218,6.0
2018-07-06 13:00:00,62.0,9.0,309.5348,6.0
2018-07-06 14:00:00,62.0,9.0,423.85577,6.0
2018-07-06 15:00:00,62.0,9.0,436.56763,6.0
2018-07-06 16:00:00,62.0,9.0,329.95352,6.0
2018-07-06 17:00:00,62.0,9.0,200.65056,6.0
2018-07-06 18:00:00,62.0,9.0,121.804214,6.0
2018-07-06 19:00:00,62.0,9.0,81.830734,6.0
2018-07-06 20:00:00,62.0,9.0,8.429626,5.0
2018-07-06 21:00:00,62.0,9.0,0.0,4.0
2018-07-06 22:00:00,62.0,9.0,0.0,4.0
2018-07-06 23:00:00,62.0,9.0,0.0,4.0
2018-07-07 00:00:00,62.0,9.0,0.0,4.0
2018-07-07 01:00:00,62.0,9.0,0.0,4.0
2018-07-07 02:00:00,62.0,9.0,0.0,4.0
2018-07-07 03:00:00,62.0,9.0,4.594365,5.0
2018-07-07 04:00:00,62.0,9.0,22.612755,5.0
2018-07-07 05:00:00,62.0,9.0,76.54831,6.0
2018-07-07 06:00:00,62.0,9.0,144.71948,6.0
2018-07-07 07:00:00,62.0,9.0,242.99391,6.0
2018-07-07 08:00:00,62.0,9.0,412.01807,6.0
2018-07-07 09:00:00,62.0,9.0,635.87463,6.0
2018-07-07 10:00:00,62.0,9.0,788.0745,6.0
2018-07-07 11:00:00,62.0,9.0,846.2987,6.0
2018-07-07 12:00:00,62.0,9.0,857.8254,6.0
2018-07-07 13:00:00,62.0,9.0,816.329,6.0
2018-07-07 14:00:00,62.0,9.0,713.67303,6.0
2018-07-07 15:00:00,62.0,9.0,600.7324,6.0
2018-07-07 16:00:00,62.0,9.0,516.194,6.0
2018-07-07 17:00:00,62.0,9.0,391.0841,6.0
2018-07-07 18:00:00,62.0,9.0,272.66168,6.0
2018-07-07 19:00:00,62.0,9.0,148.94547,6.0
2018-07-07 20:00:00,62.0,9.0,65.65521,6.0
2018-07-07 21:00:00,62.0,9.0,8.808891,5.0
2018-07-07 22:00:00,62.0,9.0,0.0,4.0
2018-07-07 23:00:00,62.0,9.0,0.0,4.0
2018-07-08 00:00:00,62.0,9.0,0.0,4.0
2018-07-08 01:00:00,62.0,9.0,0.0,4.0
2018-07-08 02:00:00,62.0,9.0,0.0,4.0
2018-07-08 03:00:00,62.0,9.0,27.875153,5.0
2018-07-08 04:00:00,62.0,9.0,96.84552,6.0
2018-07-08 05:00:00,62.0,9.0,218.0162,6.0
2018-07-08 06:00:00,62.0,9.0,324.40045,6.0
2018-07-08 07:00:00,62.0,9.0,458.72018,6.0
2018-07-08 08:00:00,62.0,9.0,576.65393,6.0
2018-07-08 09:00:00,62.0,9.0,697.5287,6.0
2018-07-08 10:00:00,62.0,9.0,748.4501,6.0
2018-07-08 11:00:00,62.0,9.0,752.70795,6.0
2018-07-08 12:00:00,62.0,9.0,595.1321,6.0
2018-07-08 13:00:00,62.0,9.0,496.1645,6.0
2018-07-08 14:00:00,62.0,9.0,370.115,6.0
2018-07-08 15:00:00,62.0,9.0,223.6806,6.0
2018-07-08 16:00:00,62.0,9.0,285.9194,6.0
2018-07-08 17:00:00,62.0,9.0,234.4206,6.0
2018-07-08 18:00:00,62.0,9.0,156.98611,6.0
2018-07-08 19:00:00,62.0,9.0,81.02321,6.0
2018-07-08 20:00:00,62.0,9.0,8.227959,5.0
2018-07-08 21:00:00,62.0,9.0,0.0,4.0
2018-07-08 22:00:00,62.0,9.0,0.0,4.0
2018-07-08 23:00:00,62.0,9.0,0.0,4.0
2018-07-09 00:00:00,62.0,9.0,0.0,4.0
2018-07-09 01:00:00,62.0,9.0,0.0,4.0
2018-07-09 02:00:00,62.0,9.0,0.0,4.0
2018-07-09 03:00:00,62.0,9.0,5.0,4.0
2018-07-09 04:00:00,62.0,9.0,12.693752,5.0
2018-07-09 05:00:00,62.0,9.0,72.65404,6.0
2018-07-09 06:00:00,62.0,9.0,106.8822,6.0
2018-07-09 07:00:00,62.0,9.0,155.24908,6.0
2018-07-09 08:00:00,62.0,9.0,208.22816,6.0
2018-07-09 09:00:00,62.0,9.0,264.01743,6.0
2018-07-09 10:00:00,62.0,9.0,297.96198,6.0
2018-07-09 11:00:00,62.0,9.0,256.29382,6.0
2018-07-09 12:00:00,62.0,9.0,265.48264,6.0
2018-07-09 13:00:00,62.0,9.0,250.96465,6.0
2018-07-09 14:00:00,62.0,9.0,225.41495,6.0
2018-07-09 15:00:00,62.0,9.0,222.13553,6.0
2018-07-09 16:00:00,62.0,9.0,184.8648,6.0
2018-07-09 17:00:00,62.0,9.0,134.41373,6.0
2018-07-09 18:00:00,62.0,9.0,135.49231,6.0
2018-07-09 19:00:00,62.0,9.0,102.10016,6.0
2018-07-09 20:00:00,62.0,9.0,54.16951,6.0
2018-07-09 21:00:00,62.0,9.0,0.0,4.0
2018-07-09 22:00:00,62.0,9.0,0.0,4.0
2018-07-09 23:00:00,62.0,9.0,0.0,4.0
2018-07-10 00:00:00,62.0,9.0,0.0,4.0
2018-07-10 01:00:00,62.0,9.0,0.0,4.0
2018-07-10 02:00:00,62.0,9.0,0.0,4.0
2018-07-10 03:00:00,62.0,9.0,31.95132,5.0
2018-07-10 04:00:00,62.0,9.0,112.889786,6.0
2018-07-10 05:00:00,62.0,9.0,212.50006,6.0
2018-07-10 06:00:00,62.0,9.0,315.04965,6.0
2018-07-10 07:00:00,62.0,9.0,466.16284,6.0
2018-07-10 08:00:00,62.0,9.0,598.5705,6.0
2018-07-10 09:00:00,62.0,9.0,704.745,6.0
2018-07-10 10:00:00,62.0,9.0,778.4824,6.0
2018-07-10 11:00:00,62.0,9.0,802.4838,6.0
2018-07-10 12:00:00,62.0,9.0,761.8085,6.0
2018-07-10 13:00:00,62.0,9.0,699.98047,6.0
2018-07-10 14:00:00,62.0,9.0,565.60004,6.0
2018-07-10 15:00:00,62.0,9.0,343.41614,6.0
2018-07-10 16:00:00,62.0,9.0,235.17923,6.0
2018-07-10 17:00:00,62.0,9.0,152.35988,6.0
2018-07-10 18:00:00,62.0,9.0,100.64679,6.0
2018-07-10 19:00:00,62.0,9.0,82.03302,6.0
2018-07-10 20:00:00,62.0,9.0,51.084564,6.0
2018-07-10 21:00:00,62.0,9.0,0.0,4.0
2018-07-10 22:00:00,62.0,9.0,0.0,4.0
2018-07-10 23:00:00,62.0,9.0,0.0,4.0
2018-07-11 00:00:00,62.0,9.0,0.0,0.0
2018-07-11 01:00:00,62.0,9.0,0.0,0.0
2018-07-11 02:00:00,62.0,9.0,0.0,0.0
2018-07-11 03:00:00,62.0,9.0,11.240104,1.0
2018-07-11 04:00:00,62.0,9.0,63.29518,3.0
2018-07-11 05:00:00,62.0,9.0,119.339066,3.0
2018-07-11 06:00:00,62.0,9.0,162.5475,3.0
2018-07-11 07:00:00,62.0,9.0,243.89871,3.0
2018-07-11 08:00:00,62.0,9.0,406.0,4.0
2018-07-11 09:00:00,62.0,9.0,456.4234,6.0
2018-07-11 10:00:00,62.0,9.0,587.6924,6.0
2018-07-11 11:00:00,62.0,9.0,539.9468,6.0
2018-07-11 12:00:00,62.0,9.0,489.54913,6.0
2018-07-11 13:00:00,62.0,9.0,259.8665,6.0
2018-07-11 14:00:00,62.0,9.0,140.08675,6.0
2018-07-11 15:00:00,62.0,9.0,272.90472,6.0
2018-07-11 16:00:00,62.0,9.0,357.6108,6.0
2018-07-11 17:00:00,62.0,9.0,238.69315,6.0
2018-07-11 18:00:00,62.0,9.0,175.02194,6.0
2018-07-11 19:00:00,62.0,9.0,108.89723,6.0
2018-07-11 20:00:00,62.0,9.0,58.48198,6.0
2018-07-11 21:00:00,62.0,9.0,0.45586967,5.0
2018-07-11 22:00:00,62.0,9.0,0.0,4.0
2018-07-11 23:00:00,62.0,9.0,0.0,4.0
2018-07-12 00:00:00,62.0,9.0,0.0,4.0
2018-07-12 01:00:00,62.0,9.0,0.0,4.0
2018-07-12 02:00:00,62.0,9.0,0.0,4.0
2018-07-12 03:00:00,62.0,9.0,3.801591,5.0
2018-07-12 04:00:00,62.0,9.0,73.18698,6.0
2018-07-12 05:00:00,62.0,9.0,102.0695,6.0
2018-07-12 06:00:00,62.0,9.0,165.93918,6.0
2018-07-12 07:00:00,62.0,9.0,335.25186,6.0
2018-07-12 08:00:00,62.0,9.0,493.04663,6.0
2018-07-12 09:00:00,62.0,9.0,499.30014,6.0
2018-07-12 10:00:00,62.0,9.0,594.1072,5.0
2018-07-12 11:00:00,62.0,9.0,557.7353,6.0
2018-07-12 12:00:00,62.0,9.0,281.67953,6.0
2018-07-12 13:00:00,62.0,9.0,178.47977,6.0
2018-07-12 14:00:00,62.0,9.0,306.34897,6.0
2018-07-12 15:00:00,62.0,9.0,246.24327,6.0
2018-07-12 16:00:00,62.0,9.0,276.39325,5.0
2018-07-12 17:00:00,62.0,9.0,210.20941,6.0
2018-07-12 18:00:00,62.0,9.0,116.55403,6.0
2018-07-12 19:00:00,62.0,9.0,94.45761,6.0
2018-07-12 20:00:00,62.0,9.0,61.09288,6.0
2018-07-12 21:00:00,62.0,9.0,0.0,4.0
2018-07-12 22:00:00,62.0,9.0,0.0,4.0
2018-07-12 23:00:00,62.0,9.0,0.0,4.0
2018-07-13 00:00:00,62.0,9.0,0.0,4.0
2018-07-13 01:00:00,62.0,9.0,0.0,4.0
2018-07-13 02:00:00,62.0,9.0,0.0,4.0
2018-07-13 03:00:00,62.0,9.0,14.47484,5.0
2018-07-13 04:00:00,62.0,9.0,89.8743,6.0
2018-07-13 05:00:00,62.0,9.0,162.49068,6.0
2018-07-13 06:00:00,62.0,9.0,233.52736,6.0
2018-07-13 07:00:00,62.0,9.0,414.62952,6.0
2018-07-13 08:00:00,62.0,9.0,544.309,6.0
2018-07-13 09:00:00,62.0,9.0,648.98126,6.0
2018-07-13 10:00:00,62.0,9.0,717.52527,6.0
2018-07-13 11:00:00,62.0,9.0,745.308,6.0
2018-07-13 12:00:00,62.0,9.0,591.08777,6.0
2018-07-13 13:00:00,62.0,9.0,344.63803,6.0
2018-07-13 14:00:00,62.0,9.0,517.0926,6.0
2018-07-13 15:00:00,62.0,9.0,324.58838,6.0
2018-07-13 16:00:00,62.0,9.0,178.90546,6.0
2018-07-13 17:00:00,62.0,9.0,179.33658,6.0
2018-07-13 18:00:00,62.0,9.0,129.41277,6.0
2018-07-13 19:00:00,62.0,9.0,86.1982,6.0
2018-07-13 20:00:00,62.0,9.0,37.253963,5.0
2018-07-13 21:00:00,62.0,9.0,0.19731903,5.0
2018-07-13 22:00:00,62.0,9.0,0.0,4.0
2018-07-13 23:00:00,62.0,9.0,0.0,4.0
2018-07-14 00:00:00,62.0,9.0,0.0,4.0
2018-07-14 01:00:00,62.0,9.0,0.0,4.0
2018-07-14 02:00:00,62.0,9.0,0.0,4.0
2018-07-14 03:00:00,62.0,9.0,4.0,4.0
2018-07-14 04:00:00,62.0,9.0,47.277557,6.0
2018-07-14 05:00:00,62.0,9.0,132.62016,6.0
2018-07-14 06:00:00,62.0,9.0,256.9753,6.0
2018-07-14 07:00:00,62.0,9.0,386.71844,6.0
2018-07-14 08:00:00,62.0,9.0,516.7894,6.0
2018-07-14 09:00:00,62.0,9.0,653.2068,6.0
2018-07-14 10:00:00,62.0,9.0,745.669,6.0
2018-07-14 11:00:00,62.0,9.0,693.0868,6.0
2018-07-14 12:00:00,62.0,9.0,586.89636,6.0
2018-07-14 13:00:00,62.0,9.0,600.8441,6.0
2018-07-14 14:00:00,62.0,9.0,688.74255,6.0
2018-07-14 15:00:00,62.0,9.0,593.9557,6.0
2018-07-14 16:00:00,62.0,9.0,453.6328,6.0
2018-07-14 17:00:00,62.0,9.0,280.79547,6.0
2018-07-14 18:00:00,62.0,9.0,130.20584,6.0
2018-07-14 19:00:00,62.0,9.0,79.21951,6.0
2018-07-14 20:00:00,62.0,9.0,10.090965,5.0
2018-07-14 21:00:00,62.0,9.0,0.0,4.0
2018-07-14 22:00:00,62.0,9.0,0.0,4.0
2018-07-14 23:00:00,62.0,9.0,0.0,4.0
2018-07-15 00:00:00,62.0,9.0,0.0,4.0
2018-07-15 01:00:00,62.0,9.0,0.0,4.0
2018-07-15 02:00:00,62.0,9.0,0.0,4.0
2018-07-15 03:00:00,62.0,9.0,4.2299232,5.0
2018-07-15 04:00:00,62.0,9.0,54.916183,6.0
2018-07-15 05:00:00,62.0,9.0,105.38988,6.0
2018-07-15 06:00:00,62.0,9.0,233.71664,6.0
2018-07-15 07:00:00,62.0,9.0,441.2902,6.0
2018-07-15 08:00:00,62.0,9.0,577.3972,6.0
2018-07-15 09:00:00,62.0,9.0,680.3408,6.0
2018-07-15 10:00:00,62.0,9.0,752.66095,6.0
2018-07-15 11:00:00,62.0,9.0,784.4529,6.0
2018-07-15 12:00:00,62.0,9.0,744.68774,6.0
2018-07-15 13:00:00,62.0,9.0,587.7752,6.0
2018-07-15 14:00:00,62.0,9.0,452.34265,6.0
2018-07-15 15:00:00,62.0,9.0,420.48914,6.0
2018-07-15 16:00:00,62.0,9.0,271.81024,6.0
2018-07-15 17:00:00,62.0,9.0,182.25574,6.0
2018-07-15 18:00:00,62.0,9.0,129.8481,6.0
2018-07-15 19:00:00,62.0,9.0,96.39661,6.0
2018-07-15 20:00:00,62.0,9.0,50.68225,6.0
2018-07-15 21:00:00,62.0,9.0,0.0,4.0
2018-07-15 22:00:00,62.0,9.0,0.0,4.0
2018-07-15 23:00:00,62.0,9.0,0.0,4.0
2018-07-16 00:00:00,62.0,9.0,0.0,4.0
2018-07-16 01:00:00,62.0,9.0,0.0,4.0
2018-07-16 02:00:00,62.0,9.0,0.0,4.0
2018-07-16 03:00:00,62.0,9.0,15.480837,5.0
2018-07-16 04:00:00,62.0,9.0,91.97786,6.0
2018-07-16 05:00:00,62.0,9.0,187.89836,6.0
2018-07-16 06:00:00,62.0,9.0,297.06635,6.0
2018-07-16 07:00:00,62.0,9.0,453.60965,6.0
2018-07-16 08:00:00,62.0,9.0,579.9271,6.0
2018-07-16 09:00:00,62.0,9.0,686.1695,6.0
2018-07-16 10:00:00,62.0,9.0,765.0377,6.0
2018-07-16 11:00:00,62.0,9.0,802.45374,6.0
2018-07-16 12:00:00,62.0,9.0,806.05035,6.0
2018-07-16 13:00:00,62.0,9.0,774.3245,6.0
2018-07-16 14:00:00,62.0,9.0,716.67224,6.0
2018-07-16 15:00:00,62.0,9.0,628.15466,6.0
2018-07-16 16:00:00,62.0,9.0,503.2097,6.0
2018-07-16 17:00:00,62.0,9.0,389.86273,6.0
2018-07-16 18:00:00,62.0,9.0,260.2752,6.0
2018-07-16 19:00:00,62.0,9.0,138.3892,6.0
2018-07-16 20:00:00,62.0,9.0,53.91667,6.0
2018-07-16 21:00:00,62.0,9.0,6.6171627,5.0
2018-07-16 22:00:00,62.0,9.0,0.0,4.0
2018-07-16 23:00:00,62.0,9.0,0.0,4.0
2018-07-17 00:00:00,62.0,9.0,0.0,4.0
2018-07-17 01:00:00,62.0,9.0,0.0,4.0
2018-07-17 02:00:00,62.0,9.0,0.0,4.0
2018-07-17 03:00:00,62.0,9.0,20.406176,5.0
2018-07-17 04:00:00,62.0,9.0,93.817154,6.0
2018-07-17 05:00:00,62.0,9.0,182.42026,6.0
2018-07-17 06:00:00,62.0,9.0,335.58405,6.0
2018-07-17 07:00:00,62.0,9.0,391.45306,3.0
2018-07-17 08:00:00,62.0,9.0,498.7566,6.0
2018-07-17 09:00:00,62.0,9.0,475.19113,6.0
2018-07-17 10:00:00,62.0,9.0,354.64166,6.0
2018-07-17 11:00:00,62.0,9.0,249.93292,6.0
2018-07-17 12:00:00,62.0,9.0,273.8377,6.0
2018-07-17 13:00:00,62.0,9.0,203.37158,6.0
2018-07-17 14:00:00,62.0,9.0,348.3798,6.0
2018-07-17 15:00:00,62.0,9.0,446.51825,6.0
2018-07-17 16:00:00,62.0,9.0,394.0119,6.0
2018-07-17 17:00:00,62.0,9.0,216.95361,6.0
2018-07-17 18:00:00,62.0,9.0,131.90848,6.0
2018-07-17 19:00:00,62.0,9.0,62.958267,6.0
2018-07-17 20:00:00,62.0,9.0,12.219717,5.0
2018-07-17 21:00:00,62.0,9.0,0.0,4.0
2018-07-17 22:00:00,62.0,9.0,0.0,4.0
2018-07-17 23:00:00,62.0,9.0,0.0,4.0
2018-07-18 00:00:00,62.0,9.0,0.0,4.0
2018-07-18 01:00:00,62.0,9.0,0.0,4.0
2018-07-18 02:00:00,62.0,9.0,0.0,4.0
2018-07-18 03:00:00,62.0,9.0,3.0,4.0
2018-07-18 04:00:00,62.0,9.0,11.500563,5.0
2018-07-18 05:00:00,62.0,9.0,70.58667,6.0
2018-07-18 06:00:00,62.0,9.0,99.69441,6.0
2018-07-18 07:00:00,62.0,9.0,118.97365,6.0
2018-07-18 08:00:00,62.0,9.0,207.65358,6.0
2018-07-18 09:00:00,62.0,9.0,172.50546,6.0
2018-07-18 10:00:00,62.0,9.0,153.34155,6.0
2018-07-18 11:00:00,62.0,9.0,237.11763,6.0
2018-07-18 12:00:00,62.0,9.0,331.75424,6.0
2018-07-18 13:00:00,62.0,9.0,488.45438,6.0
2018-07-18 14:00:00,62.0,9.0,438.339,6.0
2018-07-18 15:00:00,62.0,9.0,328.27527,6.0
2018-07-18 16:00:00,62.0,9.0,192.12897,6.0
2018-07-18 17:00:00,62.0,9.0,148.57817,6.0
2018-07-18 18:00:00,62.0,9.0,94.29639,6.0
2018-07-18 19:00:00,62.0,9.0,53.794933,5.0
2018-07-18 20:00:00,62.0,9.0,13.197943,5.0
2018-07-18 21:00:00,62.0,9.0,0.0,4.0
2018-07-18 22:00:00,62.0,9.0,0.0,4.0
2018-07-18 23:00:00,62.0,9.0,0.0,4.0
2018-07-19 00:00:00,62.0,9.0,0.0,4.0
2018-07-19 01:00:00,62.0,9.0,0.0,4.0
2018-07-19 02:00:00,62.0,9.0,0.0,4.0
2018-07-19 03:00:00,62.0,9.0,4.3793783,5.0
2018-07-19 04:00:00,62.0,9.0,54.081863,6.0
2018-07-19 05:00:00,62.0,9.0,112.125244,6.0
2018-07-19 06:00:00,62.0,9.0,224.3074,6.0
2018-07-19 07:00:00,62.0,9.0,365.72415,6.0
2018-07-19 08:00:00,62.0,9.0,443.13965,6.0
2018-07-19 09:00:00,62.0,9.0,538.8962,6.0
2018-07-19 10:00:00,62.0,9.0,548.3253,6.0
2018-07-19 11:00:00,62.0,9.0,544.0272,6.0
2018-07-19 12:00:00,62.0,9.0,622.2899,6.0
2018-07-19 13:00:00,62.0,9.0,622.6282,6.0
2018-07-19 14:00:00,62.0,9.0,577.4192,6.0
2018-07-19 15:00:00,62.0,9.0,515.35016,6.0
2018-07-19 16:00:00,62.0,9.0,362.4011,6.0
2018-07-19 17:00:00,62.0,9.0,190.19633,6.0
2018-07-19 18:00:00,62.0,9.0,144.22269,6.0
2018-07-19 19:00:00,62.0,9.0,96.526855,6.0
2018-07-19 20:00:00,62.0,9.0,46.985596,6.0
2018-07-19 21:00:00,62.0,9.0,2.8463898,5.0
2018-07-19 22:00:00,62.0,9.0,0.0,4.0
2018-07-19 23:00:00,62.0,9.0,0.0,4.0
2018-07-20 00:00:00,62.0,9.0,0.0,4.0
2018-07-20 01:00:00,62.0,9.0,0.0,4.0
2018-07-20 02:00:00,62.0,9.0,0.0,4.0
2018-07-20 03:00:00,62.0,9.0,2.8164387,5.0
2018-07-20 04:00:00,62.0,9.0,52.86612,6.0
2018-07-20 05:00:00,62.0,9.0,127.34444,6.0
2018-07-20 06:00:00,62.0,9.0,230.54272,6.0
2018-07-20 07:00:00,62.0,9.0,266.44806,6.0
2018-07-20 08:00:00,62.0,9.0,507.68503,6.0
2018-07-20 09:00:00,62.0,9.0,652.10474,6.0
2018-07-20 10:00:00,62.0,9.0,671.6384,6.0
2018-07-20 11:00:00,62.0,9.0,524.24274,6.0
2018-07-20 12:00:00,62.0,9.0,454.9748,6.0
2018-07-20 13:00:00,62.0,9.0,576.43726,6.0
2018-07-20 14:00:00,62.0,9.0,533.03217,6.0
2018-07-20 15:00:00,62.0,9.0,490.80273,6.0
2018-07-20 16:00:00,62.0,9.0,393.48837,6.0
2018-07-20 17:00:00,62.0,9.0,299.9163,6.0
2018-07-20 18:00:00,62.0,9.0,157.85709,6.0
2018-07-20 19:00:00,62.0,9.0,86.83241,6.0
2018-07-20 20:00:00,62.0,9.0,21.201859,5.0
2018-07-20 21:00:00,62.0,9.0,0.0,4.0
2018-07-20 22:00:00,62.0,9.0,0.0,4.0
2018-07-20 23:00:00,62.0,9.0,0.0,4.0
2018-07-21 00:00:00,62.0,9.0,0.0,4.0
2018-07-21 01:00:00,62.0,9.0,0.0,4.0
2018-07-21 02:00:00,62.0,9.0,0.0,4.0
2018-07-21 03:00:00,62.0,9.0,8.149296,5.0
2018-07-21 04:00:00,62.0,9.0,65.200134,6.0
2018-07-21 05:00:00,62.0,9.0,151.39406,6.0
2018-07-21 06:00:00,62.0,9.0,256.87112,6.0
2018-07-21 07:00:00,62.0,9.0,426.3026,6.0
2018-07-21 08:00:00,62.0,9.0,540.60236,6.0
2018-07-21 09:00:00,62.0,9.0,613.38293,6.0
2018-07-21 10:00:00,62.0,9.0,658.22314,6.0
2018-07-21 11:00:00,62.0,9.0,673.8739,6.0
2018-07-21 12:00:00,62.0,9.0,617.8617,6.0
2018-07-21 13:00:00,62.0,9.0,439.80438,6.0
2018-07-21 14:00:00,62.0,9.0,407.0213,6.0
2018-07-21 15:00:00,62.0,9.0,498.00812,6.0
2018-07-21 16:00:00,62.0,9.0,412.23465,6.0
2018-07-21 17:00:00,62.0,9.0,289.03693,6.0
2018-07-21 18:00:00,62.0,9.0,130.46823,6.0
2018-07-21 19:00:00,62.0,9.0,65.30145,6.0
2018-07-21 20:00:00,62.0,9.0,14.025948,5.0
2018-07-21 21:00:00,62.0,9.0,0.0,4.0
2018-07-21 22:00:00,62.0,9.0,0.0,4.0
2018-07-21 23:00:00,62.0,9.0,0.0,4.0
2018-07-22 00:00:00,62.0,9.0,0.0,4.0
2018-07-22 01:00:00,62.0,9.0,0.0,4.0
2018-07-22 02:00:00,62.0,9.0,0.0,4.0
2018-07-22 03:00:00,62.0,9.0,3.0,4.0
2018-07-22 04:00:00,62.0,9.0,17.286633,5.0
2018-07-22 05:00:00,62.0,9.0,77.59218,6.0
2018-07-22 06:00:00,62.0,9.0,184.48828,6.0
2018-07-22 07:00:00,62.0,9.0,258.59958,6.0
2018-07-22 08:00:00,62.0,9.0,457.23712,6.0
2018-07-22 09:00:00,62.0,9.0,564.1223,6.0
2018-07-22 10:00:00,62.0,9.0,507.16608,6.0
2018-07-22 11:00:00,62.0,9.0,623.3524,6.0
2018-07-22 12:00:00,62.0,9.0,708.3261,6.0
2018-07-22 13:00:00,62.0,9.0,661.54626,6.0
2018-07-22 14:00:00,62.0,9.0,659.2478,6.0
2018-07-22 15:00:00,62.0,9.0,549.71313,6.0
2018-07-22 16:00:00,62.0,9.0,278.11407,6.0
2018-07-22 17:00:00,62.0,9.0,139.69829,6.0
2018-07-22 18:00:00,62.0,9.0,109.60458,6.0
2018-07-22 19:00:00,62.0,9.0,67.023254,6.0
2018-07-22 20:00:00,62.0,9.0,40.60202,6.0
2018-07-22 21:00:00,62.0,9.0,0.0,4.0
2018-07-22 22:00:00,62.0,9.0,0.0,4.0
2018-07-22 23:00:00,62.0,9.0,0.0,4.0
2018-07-23 00:00:00,62.0,9.0,0.0,4.0
2018-07-23 01:00:00,62.0,9.0,0.0,4.0
2018-07-23 02:00:00,62.0,9.0,0.0,4.0
2018-07-23 03:00:00,62.0,9.0,0.703269,5.0
2018-07-23 04:00:00,62.0,9.0,70.805695,6.0
2018-07-23 05:00:00,62.0,9.0,161.80786,6.0
2018-07-23 06:00:00,62.0,9.0,244.51274,6.0
2018-07-23 07:00:00,62.0,9.0,418.63467,6.0
2018-07-23 08:00:00,62.0,9.0,485.95535,6.0
2018-07-23 09:00:00,62.0,9.0,557.6134,6.0
2018-07-23 10:00:00,62.0,9.0,540.6714,6.0
2018-07-23 11:00:00,62.0,9.0,465.8227,6.0
2018-07-23 12:00:00,62.0,9.0,550.71497,6.0
2018-07-23 13:00:00,62.0,9.0,449.46863,6.0
2018-07-23 14:00:00,62.0,9.0,499.4939,6.0
2018-07-23 15:00:00,62.0,9.0,502.97452,6.0
2018-07-23 16:00:00,62.0,9.0,455.77142,6.0
2018-07-23 17:00:00,62.0,9.0,269.43774,6.0
2018-07-23 18:00:00,62.0,9.0,152.27802,6.0
2018-07-23 19:00:00,62.0,9.0,85.59448,6.0
2018-07-23 20:00:00,62.0,9.0,17.969147,5.0
2018-07-23 21:00:00,62.0,9.0,0.0,4.0
2018-07-23 22:00:00,62.0,9.0,0.0,4.0
2018-07-23 23:00:00,62.0,9.0,0.0,4.0
2018-07-24 00:00:00,62.0,9.0,0.0,4.0
2018-07-24 01:00:00,62.0,9.0,0.0,4.0
2018-07-24 02:00:00,62.0,9.0,0.0,4.0
2018-07-24 03:00:00,62.0,9.0,1.5569191,5.0
2018-07-24 04:00:00,62.0,9.0,60.34503,5.0
2018-07-24 05:00:00,62.0,9.0,152.90027,6.0
2018-07-24 06:00:00,62.0,9.0,245.65266,6.0
2018-07-24 07:00:00,62.0,9.0,394.71167,6.0
2018-07-24 08:00:00,62.0,9.0,538.5201,6.0
2018-07-24 09:00:00,62.0,9.0,631.1151,6.0
2018-07-24 10:00:00,62.0,9.0,642.9436,6.0
2018-07-24 11:00:00,62.0,9.0,436.62933,6.0
2018-07-24 12:00:00,62.0,9.0,229.15314,6.0
2018-07-24 13:00:00,62.0,9.0,242.55672,6.0
2018-07-24 14:00:00,62.0,9.0,158.24702,6.0
2018-07-24 15:00:00,62.0,9.0,210.23419,6.0
2018-07-24 16:00:00,62.0,9.0,295.0268,6.0
2018-07-24 17:00:00,62.0,9.0,196.47359,6.0
2018-07-24 18:00:00,62.0,9.0,148.90881,6.0
2018-07-24 19:00:00,62.0,9.0,82.70827,6.0
2018-07-24 20:00:00,62.0,9.0,9.041639,5.0
2018-07-24 21:00:00,62.0,9.0,0.0,4.0
2018-07-24 22:00:00,62.0,9.0,0.0,4.0
2018-07-24 23:00:00,62.0,9.0,0.0,4.0
2018-07-25 00:00:00,62.0,9.0,0.0,4.0
2018-07-25 01:00:00,62.0,9.0,0.0,4.0
2018-07-25 02:00:00,62.0,9.0,0.0,4.0
2018-07-25 03:00:00,62.0,9.0,2.0,4.0
2018-07-25 04:00:00,62.0,9.0,14.801861,5.0
2018-07-25 05:00:00,62.0,9.0,65.96878,6.0
2018-07-25 06:00:00,62.0,9.0,167.71547,6.0
2018-07-25 07:00:00,62.0,9.0,336.67032,6.0
2018-07-25 08:00:00,62.0,9.0,340.49176,6.0
2018-07-25 09:00:00,62.0,9.0,380.86688,6.0
2018-07-25 10:00:00,62.0,9.0,456.2896,6.0
2018-07-25 11:00:00,62.0,9.0,473.64752,6.0
2018-07-25 12:00:00,62.0,9.0,476.79034,6.0
2018-07-25 13:00:00,62.0,9.0,484.9406,6.0
2018-07-25 14:00:00,62.0,9.0,444.29233,6.0
2018-07-25 15:00:00,62.0,9.0,370.1616,6.0
2018-07-25 16:00:00,62.0,9.0,226.65878,6.0
2018-07-25 17:00:00,62.0,9.0,166.65025,6.0
2018-07-25 18:00:00,62.0,9.0,128.09436,6.0
2018-07-25 19:00:00,62.0,9.0,87.99635,6.0
2018-07-25 20:00:00,62.0,9.0,7.0098076,5.0
2018-07-25 21:00:00,62.0,9.0,0.0,4.0
2018-07-25 22:00:00,62.0,9.0,0.0,4.0
2018-07-25 23:00:00,62.0,9.0,0.0,4.0
2018-07-26 00:00:00,62.0,9.0,0.0,4.0
2018-07-26 01:00:00,62.0,9.0,0.0,4.0
2018-07-26 02:00:00,62.0,9.0,0.0,4.0
2018-07-26 03:00:00,62.0,9.0,2.0,4.0
2018-07-26 04:00:00,62.0,9.0,39.76714,5.0
2018-07-26 05:00:00,62.0,9.0,125.30943,6.0
2018-07-26 06:00:00,62.0,9.0,238.54861,6.0
2018-07-26 07:00:00,62.0,9.0,398.22693,6.0
2018-07-26 08:00:00,62.0,9.0,539.6026,6.0
2018-07-26 09:00:00,62.0,9.0,661.01,6.0
2018-07-26 10:00:00,62.0,9.0,737.8491,6.0
2018-07-26 11:00:00,62.0,9.0,776.85876,6.0
2018-07-26 12:00:00,62.0,9.0,779.1727,6.0
2018-07-26 13:00:00,62.0,9.0,742.5149,6.0
2018-07-26 14:00:00,62.0,9.0,676.78156,6.0
2018-07-26 15:00:00,62.0,9.0,587.10815,6.0
2018-07-26 16:00:00,62.0,9.0,461.95267,6.0
2018-07-26 17:00:00,62.0,9.0,321.73285,6.0
2018-07-26 18:00:00,62.0,9.0,197.61911,6.0
2018-07-26 19:00:00,62.0,9.0,91.782074,6.0
2018-07-26 20:00:00,62.0,9.0,21.018005,5.0
2018-07-26 21:00:00,62.0,9.0,2.115366,5.0
2018-07-26 22:00:00,62.0,9.0,0.0,4.0
2018-07-26 23:00:00,62.0,9.0,0.0,4.0
2018-07-27 00:00:00,62.0,9.0,0.0,4.0
2018-07-27 01:00:00,62.0,9.0,0.0,4.0
2018-07-27 02:00:00,62.0,9.0,0.0,4.0
2018-07-27 03:00:00,62.0,9.0,3.1454859,5.0
2018-07-27 04:00:00,62.0,9.0,48.617058,5.0
2018-07-27 05:00:00,62.0,9.0,149.97318,6.0
2018-07-27 06:00:00,62.0,9.0,259.08032,6.0
2018-07-27 07:00:00,62.0,9.0,411.9809,6.0
2018-07-27 08:00:00,62.0,9.0,537.8354,6.0
2018-07-27 09:00:00,62.0,9.0,650.1594,6.0
2018-07-27 10:00:00,62.0,9.0,728.52844,6.0
2018-07-27 11:00:00,62.0,9.0,765.69165,6.0
2018-07-27 12:00:00,62.0,9.0,775.4762,6.0
2018-07-27 13:00:00,62.0,9.0,736.76575,6.0
2018-07-27 14:00:00,62.0,9.0,674.17444,6.0
2018-07-27 15:00:00,62.0,9.0,583.5099,6.0
2018-07-27 16:00:00,62.0,9.0,479.88837,6.0
2018-07-27 17:00:00,62.0,9.0,344.43536,6.0
2018-07-27 18:00:00,62.0,9.0,218.96512,6.0
2018-07-27 19:00:00,62.0,9.0,101.2623,6.0
2018-07-27 20:00:00,62.0,9.0,19.531982,5.0
2018-07-27 21:00:00,62.0,9.0,0.53985023,5.0
2018-07-27 22:00:00,62.0,9.0,0.0,4.0
2018-07-27 23:00:00,62.0,9.0,0.0,4.0
2018-07-28 00:00:00,62.0,9.0,0.0,4.0
2018-07-28 01:00:00,62.0,9.0,0.0,4.0
2018-07-28 02:00:00,62.0,9.0,0.0,4.0
2018-07-28 03:00:00,62.0,9.0,1.0,4.0
2018-07-28 04:00:00,62.0,9.0,31.957676,5.0
2018-07-28 05:00:00,62.0,9.0,130.5788,6.0
2018-07-28 06:00:00,62.0,9.0,196.60645,6.0
2018-07-28 07:00:00,62.0,9.0,278.97372,6.0
2018-07-28 08:00:00,62.0,9.0,414.2312,6.0
2018-07-28 09:00:00,62.0,9.0,427.39996,6.0
2018-07-28 10:00:00,62.0,9.0,544.2292,6.0
2018-07-28 11:00:00,62.0,9.0,526.3107,6.0
2018-07-28 12:00:00,62.0,9.0,500.2169,6.0
2018-07-28 13:00:00,62.0,9.0,222.97813,6.0
2018-07-28 14:00:00,62.0,9.0,117.87277,6.0
2018-07-28 15:00:00,62.0,9.0,143.8581,6.0
2018-07-28 16:00:00,62.0,9.0,153.36584,6.0
2018-07-28 17:00:00,62.0,9.0,165.68497,6.0
2018-07-28 18:00:00,62.0,9.0,84.462265,6.0
2018-07-28 19:00:00,62.0,9.0,41.30179,6.0
2018-07-28 20:00:00,62.0,9.0,0.0,4.0
2018-07-28 21:00:00,62.0,9.0,0.0,4.0
2018-07-28 22:00:00,62.0,9.0,0.0,4.0
2018-07-28 23:00:00,62.0,9.0,0.0,4.0
2018-07-29 00:00:00,62.0,9.0,0.0,4.0
2018-07-29 01:00:00,62.0,9.0,0.0,4.0
2018-07-29 02:00:00,62.0,9.0,0.0,4.0
2018-07-29 03:00:00,62.0,9.0,1.0,4.0
2018-07-29 04:00:00,62.0,9.0,70.05071,5.0
2018-07-29 05:00:00,62.0,9.0,52.1998,5.0
2018-07-29 06:00:00,62.0,9.0,67.923065,5.0
2018-07-29 07:00:00,62.0,9.0,141.34824,5.0
2018-07-29 08:00:00,62.0,9.0,132.23352,6.0
2018-07-29 09:00:00,62.0,9.0,292.8143,5.0
2018-07-29 10:00:00,62.0,9.0,290.7214,6.0
2018-07-29 11:00:00,62.0,9.0,570.5027,6.0
2018-07-29 12:00:00,62.0,9.0,677.55457,6.0
2018-07-29 13:00:00,62.0,9.0,663.9242,6.0
2018-07-29 14:00:00,62.0,9.0,636.08325,6.0
2018-07-29 15:00:00,62.0,9.0,522.7301,6.0
2018-07-29 16:00:00,62.0,9.0,361.5108,6.0
2018-07-29 17:00:00,62.0,9.0,207.25287,6.0
2018-07-29 18:00:00,62.0,9.0,155.1659,6.0
2018-07-29 19:00:00,62.0,9.0,94.000244,6.0
2018-07-29 20:00:00,62.0,9.0,20.709524,5.0
2018-07-29 21:00:00,62.0,9.0,0.0,4.0
2018-07-29 22:00:00,62.0,9.0,0.0,4.0
2018-07-29 23:00:00,62.0,9.0,0.0,4.0
2018-07-30 00:00:00,62.0,9.0,0.0,4.0
2018-07-30 01:00:00,62.0,9.0,0.0,4.0
2018-07-30 02:00:00,62.0,9.0,0.0,4.0
2018-07-30 03:00:00,62.0,9.0,1.0,4.0
2018-07-30 04:00:00,62.0,9.0,6.4727297,5.0
2018-07-30 05:00:00,62.0,9.0,70.29338,6.0
2018-07-30 06:00:00,62.0,9.0,96.00668,6.0
2018-07-30 07:00:00,62.0,9.0,150.28642,6.0
2018-07-30 08:00:00,62.0,9.0,347.0578,6.0
2018-07-30 09:00:00,62.0,9.0,293.0105,6.0
2018-07-30 10:00:00,62.0,9.0,166.09512,6.0
2018-07-30 11:00:00,62.0,9.0,140.39435,6.0
2018-07-30 12:00:00,62.0,9.0,157.7555,6.0
2018-07-30 13:00:00,62.0,9.0,308.60294,6.0
2018-07-30 14:00:00,62.0,9.0,262.8751,6.0
2018-07-30 15:00:00,62.0,9.0,249.46866,6.0
2018-07-30 16:00:00,62.0,9.0,217.50699,6.0
2018-07-30 17:00:00,62.0,9.0,147.43945,6.0
2018-07-30 18:00:00,62.0,9.0,93.67891,6.0
2018-07-30 19:00:00,62.0,9.0,43.16512,5.0
2018-07-30 20:00:00,62.0,9.0,5.294401,5.0
2018-07-30 21:00:00,62.0,9.0,0.0,4.0
2018-07-30 22:00:00,62.0,9.0,0.0,4.0
2018-07-30 23:00:00,62.0,9.0,0.0,4.0
2018-07-31 00:00:00,62.0,9.0,0.0,4.0
2018-07-31 01:00:00,62.0,9.0,0.0,4.0
2018-07-31 02:00:00,62.0,9.0,0.0,4.0
2018-07-31 03:00:00,62.0,9.0,1.0,4.0
2018-07-31 04:00:00,62.0,9.0,26.718697,5.0
2018-07-31 05:00:00,62.0,9.0,65.487404,5.0
2018-07-31 06:00:00,62.0,9.0,87.13629,5.0
2018-07-31 07:00:00,62.0,9.0,141.40454,5.0
2018-07-31 08:00:00,62.0,9.0,232.02332,5.0
2018-07-31 09:00:00,62.0,9.0,213.93047,6.0
2018-07-31 10:00:00,62.0,9.0,216.53253,6.0
2018-07-31 11:00:00,62.0,9.0,474.5261,6.0
2018-07-31 12:00:00,62.0,9.0,204.4269,6.0
2018-07-31 13:00:00,62.0,9.0,190.75143,6.0
2018-07-31 14:00:00,62.0,9.0,136.07211,6.0
2018-07-31 15:00:00,62.0,9.0,215.04163,6.0
2018-07-31 16:00:00,62.0,9.0,163.9504,6.0
2018-07-31 17:00:00,62.0,9.0,135.28848,6.0
2018-07-31 18:00:00,62.0,9.0,75.83243,6.0
2018-07-31 19:00:00,62.0,9.0,7.8619614,5.0
2018-07-31 20:00:00,62.0,9.0,0.0,4.0
2018-07-31 21:00:00,62.0,9.0,0.0,4.0
2018-07-31 22:00:00,62.0,9.0,0.0,4.0
2018-07-31 23:00:00,62.0,9.0,0.0,4.0
2018-08-01 00:00:00,62.0,9.0,0.0,4.0
2018-08-01 01:00:00,62.0,9.0,0.0,4.0
2018-08-01 02:00:00,62.0,9.0,0.0,4.0
2018-08-01 03:00:00,62.0,9.0,0.0,4.0
2018-08-01 04:00:00,62.0,9.0,27.0,4.0
2018-08-01 05:00:00,62.0,9.0,53.576168,5.0
2018-08-01 06:00:00,62.0,9.0,138.4476,6.0
2018-08-01 07:00:00,62.0,9.0,222.90369,6.0
2018-08-01 08:00:00,62.0,9.0,339.53952,6.0
2018-08-01 09:00:00,62.0,9.0,377.44254,6.0
2018-08-01 10:00:00,62.0,9.0,417.08057,6.0
2018-08-01 11:00:00,62.0,9.0,664.23724,6.0
2018-08-01 12:00:00,62.0,9.0,719.0775,6.0
2018-08-01 13:00:00,62.0,9.0,512.05255,6.0
2018-08-01 14:00:00,62.0,9.0,489.6881,6.0
2018-08-01 15:00:00,62.0,9.0,527.7136,6.0
2018-08-01 16:00:00,62.0,9.0,432.29095,6.0
2018-08-01 17:00:00,62.0,9.0,270.6733,6.0
2018-08-01 18:00:00,62.0,9.0,168.37822,6.0
2018-08-01 19:00:00,62.0,9.0,77.56059,6.0
2018-08-01 20:00:00,62.0,9.0,12.059158,5.0
2018-08-01 21:00:00,62.0,9.0,0.0,4.0
2018-08-01 22:00:00,62.0,9.0,0.0,4.0
2018-08-01 23:00:00,62.0,9.0,0.0,4.0
2018-08-02 00:00:00,62.0,9.0,0.0,4.0
2018-08-02 01:00:00,62.0,9.0,0.0,4.0
2018-08-02 02:00:00,62.0,9.0,0.0,4.0
2018-08-02 03:00:00,62.0,9.0,0.0,4.0
2018-08-02 04:00:00,62.0,9.0,8.780172,5.0
2018-08-02 05:00:00,62.0,9.0,69.27205,6.0
2018-08-02 06:00:00,62.0,9.0,110.34076,6.0
2018-08-02 07:00:00,62.0,9.0,169.08484,6.0
2018-08-02 08:00:00,62.0,9.0,158.26038,6.0
2018-08-02 09:00:00,62.0,9.0,198.78401,6.0
2018-08-02 10:00:00,62.0,9.0,205.48459,6.0
2018-08-02 11:00:00,62.0,9.0,180.82619,6.0
2018-08-02 12:00:00,62.0,9.0,200.0874,6.0
2018-08-02 13:00:00,62.0,9.0,443.02542,6.0
2018-08-02 14:00:00,62.0,9.0,263.90118,6.0
2018-08-02 15:00:00,62.0,9.0,332.44986,6.0
2018-08-02 16:00:00,62.0,9.0,268.35547,6.0
2018-08-02 17:00:00,62.0,9.0,191.31131,6.0
2018-08-02 18:00:00,62.0,9.0,126.33075,6.0
2018-08-02 19:00:00,62.0,9.0,67.319824,6.0
2018-08-02 20:00:00,62.0,9.0,2.9695415,5.0
2018-08-02 21:00:00,62.0,9.0,0.0,4.0
2018-08-02 22:00:00,62.0,9.0,0.0,4.0
2018-08-02 23:00:00,62.0,9.0,0.0,4.0
2018-08-03 00:00:00,62.0,9.0,0.0,4.0
2018-08-03 01:00:00,62.0,9.0,0.0,4.0
2018-08-03 02:00:00,62.0,9.0,0.0,4.0
2018-08-03 03:00:00,62.0,9.0,0.0,4.0
2018-08-03 04:00:00,62.0,9.0,2.931881,5.0
2018-08-03 05:00:00,62.0,9.0,81.06624,6.0
2018-08-03 06:00:00,62.0,9.0,164.31616,6.0
2018-08-03 07:00:00,62.0,9.0,312.52783,6.0
2018-08-03 08:00:00,62.0,9.0,320.42117,6.0
2018-08-03 09:00:00,62.0,9.0,351.47205,6.0
2018-08-03 10:00:00,62.0,9.0,324.3589,6.0
2018-08-03 11:00:00,62.0,9.0,246.09827,6.0
2018-08-03 12:00:00,62.0,9.0,301.4661,6.0
2018-08-03 13:00:00,62.0,9.0,341.78888,6.0
2018-08-03 14:00:00,62.0,9.0,251.64473,6.0
2018-08-03 15:00:00,62.0,9.0,88.592224,6.0
2018-08-03 16:00:00,62.0,9.0,145.65057,6.0
2018-08-03 17:00:00,62.0,9.0,96.908676,6.0
2018-08-03 18:00:00,62.0,9.0,95.134,6.0
2018-08-03 19:00:00,62.0,9.0,40.437347,6.0
2018-08-03 20:00:00,62.0,9.0,0.0,4.0
2018-08-03 21:00:00,62.0,9.0,0.0,4.0
2018-08-03 22:00:00,62.0,9.0,0.0,4.0
2018-08-03 23:00:00,62.0,9.0,0.0,4.0
2018-08-04 00:00:00,62.0,9.0,0.0,4.0
2018-08-04 01:00:00,62.0,9.0,0.0,4.0
2018-08-04 02:00:00,62.0,9.0,0.0,4.0
2018-08-04 03:00:00,62.0,9.0,0.0,4.0
2018-08-04 04:00:00,62.0,9.0,7.650339,5.0
2018-08-04 05:00:00,62.0,9.0,71.870834,5.0
2018-08-04 06:00:00,62.0,9.0,151.78375,6.0
2018-08-04 07:00:00,62.0,9.0,237.55823,6.0
2018-08-04 08:00:00,62.0,9.0,328.79892,6.0
2018-08-04 09:00:00,62.0,9.0,451.12128,6.0
2018-08-04 10:00:00,62.0,9.0,445.0943,6.0
2018-08-04 11:00:00,62.0,9.0,530.7968,6.0
2018-08-04 12:00:00,62.0,9.0,470.27173,6.0
2018-08-04 13:00:00,62.0,9.0,408.1461,6.0
2018-08-04 14:00:00,62.0,9.0,310.57642,6.0
2018-08-04 15:00:00,62.0,9.0,301.54233,6.0
2018-08-04 16:00:00,62.0,9.0,178.80936,6.0
2018-08-04 17:00:00,62.0,9.0,132.8408,5.0
2018-08-04 18:00:00,62.0,9.0,92.61281,6.0
2018-08-04 19:00:00,62.0,9.0,20.665054,5.0
2018-08-04 20:00:00,62.0,9.0,1.0812807,5.0
2018-08-04 21:00:00,62.0,9.0,0.0,4.0
2018-08-04 22:00:00,62.0,9.0,0.0,4.0
2018-08-04 23:00:00,62.0,9.0,0.0,4.0
2018-08-05 00:00:00,62.0,9.0,0.0,4.0
2018-08-05 01:00:00,62.0,9.0,0.0,4.0
2018-08-05 02:00:00,62.0,9.0,0.0,4.0
2018-08-05 03:00:00,62.0,9.0,0.0,4.0
2018-08-05 04:00:00,62.0,9.0,24.22696,5.0
2018-08-05 05:00:00,62.0,9.0,111.61177,6.0
2018-08-05 06:00:00,62.0,9.0,202.32617,6.0
2018-08-05 07:00:00,62.0,9.0,320.3598,6.0
2018-08-05 08:00:00,62.0,9.0,359.15298,6.0
2018-08-05 09:00:00,62.0,9.0,358.27774,6.0
2018-08-05 10:00:00,62.0,9.0,371.83527,6.0
2018-08-05 11:00:00,62.0,9.0,532.459,6.0
2018-08-05 12:00:00,62.0,9.0,624.0459,6.0
2018-08-05 13:00:00,62.0,9.0,617.7448,6.0
2018-08-05 14:00:00,62.0,9.0,610.10455,6.0
2018-08-05 15:00:00,62.0,9.0,579.64984,6.0
2018-08-05 16:00:00,62.0,9.0,386.5882,6.0
2018-08-05 17:00:00,62.0,9.0,272.37445,6.0
2018-08-05 18:00:00,62.0,9.0,144.91696,6.0
2018-08-05 19:00:00,62.0,9.0,86.825714,6.0
2018-08-05 20:00:00,62.0,9.0,4.7035036,5.0
2018-08-05 21:00:00,62.0,9.0,0.0,4.0
2018-08-05 22:00:00,62.0,9.0,0.0,4.0
2018-08-05 23:00:00,62.0,9.0,0.0,4.0
2018-08-06 00:00:00,62.0,9.0,0.0,4.0
2018-08-06 01:00:00,62.0,9.0,0.0,4.0
2018-08-06 02:00:00,62.0,9.0,0.0,4.0
2018-08-06 03:00:00,62.0,9.0,0.0,4.0
2018-08-06 04:00:00,62.0,9.0,27.970078,5.0
2018-08-06 05:00:00,62.0,9.0,87.6859,6.0
2018-08-06 06:00:00,62.0,9.0,138.9301,6.0
2018-08-06 07:00:00,62.0,9.0,295.60858,6.0
2018-08-06 08:00:00,62.0,9.0,400.98218,6.0
2018-08-06 09:00:00,62.0,9.0,514.49963,6.0
2018-08-06 10:00:00,62.0,9.0,632.5136,6.0
2018-08-06 11:00:00,62.0,9.0,561.4896,6.0
2018-08-06 12:00:00,62.0,9.0,502.42773,6.0
2018-08-06 13:00:00,62.0,9.0,395.44397,6.0
2018-08-06 14:00:00,62.0,9.0,394.9359,6.0
2018-08-06 15:00:00,62.0,9.0,347.86038,6.0
2018-08-06 16:00:00,62.0,9.0,257.66812,6.0
2018-08-06 17:00:00,62.0,9.0,175.8199,6.0
2018-08-06 18:00:00,62.0,9.0,83.61453,6.0
2018-08-06 19:00:00,62.0,9.0,44.552917,6.0
2018-08-06 20:00:00,62.0,9.0,0.0,4.0
2018-08-06 21:00:00,62.0,9.0,0.0,4.0
2018-08-06 22:00:00,62.0,9.0,0.0,4.0
2018-08-06 23:00:00,62.0,9.0,0.0,4.0
2018-08-07 00:00:00,62.0,9.0,0.0,4.0
2018-08-07 01:00:00,62.0,9.0,0.0,4.0
2018-08-07 02:00:00,62.0,9.0,0.0,4.0
2018-08-07 03:00:00,62.0,9.0,0.0,4.0
2018-08-07 04:00:00,62.0,9.0,21.740154,5.0
2018-08-07 05:00:00,62.0,9.0,74.35312,6.0
2018-08-07 06:00:00,62.0,9.0,139.03061,3.0
2018-08-07 07:00:00,62.0,9.0,352.59885,6.0
2018-08-07 08:00:00,62.0,9.0,513.0664,6.0
2018-08-07 09:00:00,62.0,9.0,628.2648,6.0
2018-08-07 10:00:00,62.0,9.0,659.72144,6.0
2018-08-07 11:00:00,62.0,9.0,546.32385,6.0
2018-08-07 12:00:00,62.0,9.0,526.5764,6.0
2018-08-07 13:00:00,62.0,9.0,411.48233,6.0
2018-08-07 14:00:00,62.0,9.0,299.1605,6.0
2018-08-07 15:00:00,62.0,9.0,360.97522,6.0
2018-08-07 16:00:00,62.0,9.0,312.54675,6.0
2018-08-07 17:00:00,62.0,9.0,238.51654,6.0
2018-08-07 18:00:00,62.0,9.0,130.31895,6.0
2018-08-07 19:00:00,62.0,9.0,74.872574,6.0
2018-08-07 20:00:00,62.0,9.0,4.318411,5.0
2018-08-07 21:00:00,62.0,9.0,0.0,4.0
2018-08-07 22:00:00,62.0,9.0,0.0,4.0
2018-08-07 23:00:00,62.0,9.0,0.0,4.0
2018-08-08 00:00:00,62.0,9.0,0.0,4.0
2018-08-08 01:00:00,62.0,9.0,0.0,4.0
2018-08-08 02:00:00,62.0,9.0,0.0,4.0
2018-08-08 03:00:00,62.0,9.0,0.0,4.0
2018-08-08 04:00:00,62.0,9.0,5.1938324,5.0
2018-08-08 05:00:00,62.0,9.0,30.485909,5.0
2018-08-08 06:00:00,62.0,9.0,98.790924,6.0
2018-08-08 07:00:00,62.0,9.0,162.88431,6.0
2018-08-08 08:00:00,62.0,9.0,227.80106,6.0
2018-08-08 09:00:00,62.0,9.0,192.76167,6.0
2018-08-08 10:00:00,62.0,9.0,154.25615,6.0
2018-08-08 11:00:00,62.0,9.0,186.63278,6.0
2018-08-08 12:00:00,62.0,9.0,163.11424,6.0
2018-08-08 13:00:00,62.0,9.0,133.10008,6.0
2018-08-08 14:00:00,62.0,9.0,104.7021,6.0
2018-08-08 15:00:00,62.0,9.0,119.48178,6.0
2018-08-08 16:00:00,62.0,9.0,119.03415,5.0
2018-08-08 17:00:00,62.0,9.0,97.171005,6.0
2018-08-08 18:00:00,62.0,9.0,42.457485,5.0
2018-08-08 19:00:00,62.0,9.0,2.229269,5.0
2018-08-08 20:00:00,62.0,9.0,0.0,4.0
2018-08-08 21:00:00,62.0,9.0,0.0,4.0
2018-08-08 22:00:00,62.0,9.0,0.0,4.0
2018-08-08 23:00:00,62.0,9.0,0.0,4.0
2018-08-09 00:00:00,62.0,9.0,0.0,4.0
2018-08-09 01:00:00,62.0,9.0,0.0,4.0
2018-08-09 02:00:00,62.0,9.0,0.0,4.0
2018-08-09 03:00:00,62.0,9.0,0.0,4.0
2018-08-09 04:00:00,62.0,9.0,24.98264,5.0
2018-08-09 05:00:00,62.0,9.0,67.20413,6.0
2018-08-09 06:00:00,62.0,9.0,143.874,6.0
2018-08-09 07:00:00,62.0,9.0,336.25415,6.0
2018-08-09 08:00:00,62.0,9.0,429.7657,6.0
2018-08-09 09:00:00,62.0,9.0,599.6969,6.0
2018-08-09 10:00:00,62.0,9.0,643.8064,6.0
2018-08-09 11:00:00,62.0,9.0,606.0531,6.0
2018-08-09 12:00:00,62.0,9.0,455.57806,6.0
2018-08-09 13:00:00,62.0,9.0,441.63232,6.0
2018-08-09 14:00:00,62.0,9.0,406.2324,6.0
2018-08-09 15:00:00,62.0,9.0,330.36917,6.0
2018-08-09 16:00:00,62.0,9.0,202.54768,6.0
2018-08-09 17:00:00,62.0,9.0,140.43094,6.0
2018-08-09 18:00:00,62.0,9.0,110.69559,6.0
2018-08-09 19:00:00,62.0,9.0,58.880264,6.0
2018-08-09 20:00:00,62.0,9.0,0.0,4.0
2018-08-09 21:00:00,62.0,9.0,0.0,4.0
2018-08-09 22:00:00,62.0,9.0,0.0,4.0
2018-08-09 23:00:00,62.0,9.0,0.0,4.0
2018-08-10 00:00:00,62.0,9.0,0.0,4.0
2018-08-10 01:00:00,62.0,9.0,0.0,4.0
2018-08-10 02:00:00,62.0,9.0,0.0,4.0
2018-08-10 03:00:00,62.0,9.0,0.0,4.0
2018-08-10 04:00:00,62.0,9.0,5.0,4.0
2018-08-10 05:00:00,62.0,9.0,8.034485,5.0
2018-08-10 06:00:00,62.0,9.0,30.60529,5.0
2018-08-10 07:00:00,62.0,9.0,76.9164,6.0
2018-08-10 08:00:00,62.0,9.0,107.49421,5.0
2018-08-10 09:00:00,62.0,9.0,85.96327,5.0
2018-08-10 10:00:00,62.0,9.0,85.49446,5.0
2018-08-10 11:00:00,62.0,9.0,77.80204,5.0
2018-08-10 12:00:00,62.0,9.0,136.94159,5.0
2018-08-10 13:00:00,62.0,9.0,116.69484,5.0
2018-08-10 14:00:00,62.0,9.0,74.12733,5.0
2018-08-10 15:00:00,62.0,9.0,71.59739,5.0
2018-08-10 16:00:00,62.0,9.0,58.11889,5.0
2018-08-10 17:00:00,62.0,9.0,33.039665,5.0
2018-08-10 18:00:00,62.0,9.0,24.734104,5.0
2018-08-10 19:00:00,62.0,9.0,5.3311863,5.0
2018-08-10 20:00:00,62.0,9.0,0.0,4.0
2018-08-10 21:00:00,62.0,9.0,0.0,4.0
2018-08-10 22:00:00,62.0,9.0,0.0,4.0
2018-08-10 23:00:00,62.0,9.0,0.0,4.0
2018-08-11 00:00:00,62.0,9.0,0.0,4.0
2018-08-11 01:00:00,62.0,9.0,0.0,4.0
2018-08-11 02:00:00,62.0,9.0,0.0,4.0
2018-08-11 03:00:00,62.0,9.0,0.0,4.0
2018-08-11 04:00:00,62.0,9.0,8.0,4.0
2018-08-11 05:00:00,62.0,9.0,57.71621,5.0
2018-08-11 06:00:00,62.0,9.0,132.34583,6.0
2018-08-11 07:00:00,62.0,9.0,214.1737,6.0
2018-08-11 08:00:00,62.0,9.0,337.8471,6.0
2018-08-11 09:00:00,62.0,9.0,445.65308,6.0
2018-08-11 10:00:00,62.0,9.0,548.75104,6.0
2018-08-11 11:00:00,62.0,9.0,684.3372,6.0
2018-08-11 12:00:00,62.0,9.0,565.80994,6.0
2018-08-11 13:00:00,62.0,9.0,394.0451,6.0
2018-08-11 14:00:00,62.0,9.0,350.97244,6.0
2018-08-11 15:00:00,62.0,9.0,277.50372,6.0
2018-08-11 16:00:00,62.0,9.0,171.6757,6.0
2018-08-11 17:00:00,62.0,9.0,121.40723,6.0
2018-08-11 18:00:00,62.0,9.0,94.47168,6.0
2018-08-11 19:00:00,62.0,9.0,55.543,6.0
2018-08-11 20:00:00,62.0,9.0,2.3546715,5.0
2018-08-11 21:00:00,62.0,9.0,0.0,4.0
2018-08-11 22:00:00,62.0,9.0,0.0,4.0
2018-08-11 23:00:00,62.0,9.0,0.0,4.0
2018-08-12 00:00:00,62.0,9.0,0.0,4.0
2018-08-12 01:00:00,62.0,9.0,0.0,4.0
2018-08-12 02:00:00,62.0,9.0,0.0,4.0
2018-08-12 03:00:00,62.0,9.0,0.0,4.0
2018-08-12 04:00:00,62.0,9.0,17.34367,5.0
2018-08-12 05:00:00,62.0,9.0,88.52965,6.0
2018-08-12 06:00:00,62.0,9.0,168.54816,6.0
2018-08-12 07:00:00,62.0,9.0,276.5309,6.0
2018-08-12 08:00:00,62.0,9.0,341.15057,6.0
2018-08-12 09:00:00,62.0,9.0,424.50238,6.0
2018-08-12 10:00:00,62.0,9.0,530.73376,6.0
2018-08-12 11:00:00,62.0,9.0,589.4691,6.0
2018-08-12 12:00:00,62.0,9.0,632.99756,6.0
2018-08-12 13:00:00,62.0,9.0,616.3208,6.0
2018-08-12 14:00:00,62.0,9.0,584.2792,6.0
2018-08-12 15:00:00,62.0,9.0,529.61615,6.0
2018-08-12 16:00:00,62.0,9.0,389.35324,6.0
2018-08-12 17:00:00,62.0,9.0,243.67087,6.0
2018-08-12 18:00:00,62.0,9.0,137.6385,6.0
2018-08-12 19:00:00,62.0,9.0,61.452454,6.0
2018-08-12 20:00:00,62.0,9.0,7.29965,5.0
2018-08-12 21:00:00,62.0,9.0,0.0,4.0
2018-08-12 22:00:00,62.0,9.0,0.0,4.0
2018-08-12 23:00:00,62.0,9.0,0.0,4.0
2018-08-13 00:00:00,62.0,9.0,0.0,4.0
2018-08-13 01:00:00,62.0,9.0,0.0,4.0
2018-08-13 02:00:00,62.0,9.0,0.0,4.0
2018-08-13 03:00:00,62.0,9.0,0.0,4.0
2018-08-13 04:00:00,62.0,9.0,24.466267,5.0
2018-08-13 05:00:00,62.0,9.0,113.72597,6.0
2018-08-13 06:00:00,62.0,9.0,207.65433,6.0
2018-08-13 07:00:00,62.0,9.0,341.1924,6.0
2018-08-13 08:00:00,62.0,9.0,479.38177,6.0
2018-08-13 09:00:00,62.0,9.0,585.52844,6.0
2018-08-13 10:00:00,62.0,9.0,678.5149,6.0
2018-08-13 11:00:00,62.0,9.0,730.0513,6.0
2018-08-13 12:00:00,62.0,9.0,745.98395,6.0
2018-08-13 13:00:00,62.0,9.0,715.5663,6.0
2018-08-13 14:00:00,62.0,9.0,596.3015,6.0
2018-08-13 15:00:00,62.0,9.0,474.2835,6.0
2018-08-13 16:00:00,62.0,9.0,347.10776,6.0
2018-08-13 17:00:00,62.0,9.0,185.37491,6.0
2018-08-13 18:00:00,62.0,9.0,105.86807,6.0
2018-08-13 19:00:00,62.0,9.0,61.362335,6.0
2018-08-13 20:00:00,62.0,9.0,5.247943,5.0
2018-08-13 21:00:00,62.0,9.0,0.0,4.0
2018-08-13 22:00:00,62.0,9.0,0.0,4.0
2018-08-13 23:00:00,62.0,9.0,0.0,4.0
2018-08-14 00:00:00,62.0,9.0,0.0,4.0
2018-08-14 01:00:00,62.0,9.0,0.0,4.0
2018-08-14 02:00:00,62.0,9.0,0.0,4.0
2018-08-14 03:00:00,62.0,9.0,0.0,4.0
2018-08-14 04:00:00,62.0,9.0,4.890814,5.0
2018-08-14 05:00:00,62.0,9.0,79.25992,6.0
2018-08-14 06:00:00,62.0,9.0,169.34474,6.0
2018-08-14 07:00:00,62.0,9.0,218.90701,3.0
2018-08-14 08:00:00,62.0,9.0,385.32043,6.0
2018-08-14 09:00:00,62.0,9.0,513.36664,6.0
2018-08-14 10:00:00,62.0,9.0,659.9396,6.0
2018-08-14 11:00:00,62.0,9.0,667.1588,6.0
2018-08-14 12:00:00,62.0,9.0,564.2487,6.0
2018-08-14 13:00:00,62.0,9.0,521.13416,6.0
2018-08-14 14:00:00,62.0,9.0,503.77008,6.0
2018-08-14 15:00:00,62.0,9.0,446.0833,6.0
2018-08-14 16:00:00,62.0,9.0,260.44357,6.0
2018-08-14 17:00:00,62.0,9.0,151.29643,6.0
2018-08-14 18:00:00,62.0,9.0,87.784744,6.0
2018-08-14 19:00:00,62.0,9.0,51.56697,6.0
2018-08-14 20:00:00,62.0,9.0,3.4333696,5.0
2018-08-14 21:00:00,62.0,9.0,0.0,4.0
2018-08-14 22:00:00,62.0,9.0,0.0,4.0
2018-08-14 23:00:00,62.0,9.0,0.0,4.0
2018-08-15 00:00:00,62.0,9.0,0.0,4.0
2018-08-15 01:00:00,62.0,9.0,0.0,4.0
2018-08-15 02:00:00,62.0,9.0,0.0,4.0
2018-08-15 03:00:00,62.0,9.0,0.0,4.0
2018-08-15 04:00:00,62.0,9.0,0.5680628,5.0
2018-08-15 05:00:00,62.0,9.0,26.055267,5.0
2018-08-15 06:00:00,62.0,9.0,105.08675,6.0
2018-08-15 07:00:00,62.0,9.0,123.77873,3.0
2018-08-15 08:00:00,62.0,9.0,176.56464,6.0
2018-08-15 09:00:00,62.0,9.0,190.53458,6.0
2018-08-15 10:00:00,62.0,9.0,185.36797,6.0
2018-08-15 11:00:00,62.0,9.0,186.38098,6.0
2018-08-15 12:00:00,62.0,9.0,195.58179,6.0
2018-08-15 13:00:00,62.0,9.0,222.25131,6.0
2018-08-15 14:00:00,62.0,9.0,194.82068,6.0
2018-08-15 15:00:00,62.0,9.0,170.7806,6.0
2018-08-15 16:00:00,62.0,9.0,98.96098,6.0
2018-08-15 17:00:00,62.0,9.0,103.314285,5.0
2018-08-15 18:00:00,62.0,9.0,62.767197,6.0
2018-08-15 19:00:00,62.0,9.0,8.668236,5.0
2018-08-15 20:00:00,62.0,9.0,0.0,4.0
2018-08-15 21:00:00,62.0,9.0,0.0,4.0
2018-08-15 22:00:00,62.0,9.0,0.0,4.0
2018-08-15 23:00:00,62.0,9.0,0.0,4.0
2018-08-16 00:00:00,62.0,9.0,0.0,4.0
2018-08-16 01:00:00,62.0,9.0,0.0,4.0
2018-08-16 02:00:00,62.0,9.0,0.0,4.0
2018-08-16 03:00:00,62.0,9.0,0.0,4.0
2018-08-16 04:00:00,62.0,9.0,3.0,4.0
2018-08-16 05:00:00,62.0,9.0,4.4580517,5.0
2018-08-16 06:00:00,62.0,9.0,71.6552,6.0
2018-08-16 07:00:00,62.0,9.0,54.846863,5.0
2018-08-16 08:00:00,62.0,9.0,74.078896,5.0
2018-08-16 09:00:00,62.0,9.0,122.76634,5.0
2018-08-16 10:00:00,62.0,9.0,193.89932,5.0
2018-08-16 11:00:00,62.0,9.0,233.90451,6.0
2018-08-16 12:00:00,62.0,9.0,244.85544,6.0
2018-08-16 13:00:00,62.0,9.0,172.05826,6.0
2018-08-16 14:00:00,62.0,9.0,147.93564,6.0
2018-08-16 15:00:00,62.0,9.0,125.982086,5.0
2018-08-16 16:00:00,62.0,9.0,77.49992,6.0
2018-08-16 17:00:00,62.0,9.0,68.3297,5.0
2018-08-16 18:00:00,62.0,9.0,23.825546,5.0
2018-08-16 19:00:00,62.0,9.0,1.2534218,5.0
2018-08-16 20:00:00,62.0,9.0,0.0,4.0
2018-08-16 21:00:00,62.0,9.0,0.0,4.0
2018-08-16 22:00:00,62.0,9.0,0.0,4.0
2018-08-16 23:00:00,62.0,9.0,0.0,4.0
2018-08-17 00:00:00,62.0,9.0,0.0,4.0
2018-08-17 01:00:00,62.0,9.0,0.0,4.0
2018-08-17 02:00:00,62.0,9.0,0.0,4.0
2018-08-17 03:00:00,62.0,9.0,0.0,4.0
2018-08-17 04:00:00,62.0,9.0,11.595741,5.0
2018-08-17 05:00:00,62.0,9.0,88.38013,6.0
2018-08-17 06:00:00,62.0,9.0,149.96117,6.0
2018-08-17 07:00:00,62.0,9.0,291.3721,6.0
2018-08-17 08:00:00,62.0,9.0,294.7703,6.0
2018-08-17 09:00:00,62.0,9.0,361.39984,6.0
2018-08-17 10:00:00,62.0,9.0,484.7829,6.0
2018-08-17 11:00:00,62.0,9.0,466.13528,6.0
2018-08-17 12:00:00,62.0,9.0,441.50806,6.0
2018-08-17 13:00:00,62.0,9.0,414.18628,6.0
2018-08-17 14:00:00,62.0,9.0,379.60846,6.0
2018-08-17 15:00:00,62.0,9.0,315.7367,6.0
2018-08-17 16:00:00,62.0,9.0,307.43408,6.0
2018-08-17 17:00:00,62.0,9.0,235.56955,6.0
2018-08-17 18:00:00,62.0,9.0,133.96648,6.0
2018-08-17 19:00:00,62.0,9.0,47.223785,6.0
2018-08-17 20:00:00,62.0,9.0,4.76807,5.0
2018-08-17 21:00:00,62.0,9.0,0.0,4.0
2018-08-17 22:00:00,62.0,9.0,0.0,4.0
2018-08-17 23:00:00,62.0,9.0,0.0,4.0
2018-08-18 00:00:00,62.0,9.0,0.0,4.0
2018-08-18 01:00:00,62.0,9.0,0.0,4.0
2018-08-18 02:00:00,62.0,9.0,0.0,4.0
2018-08-18 03:00:00,62.0,9.0,0.0,4.0
2018-08-18 04:00:00,62.0,9.0,2.0,4.0
2018-08-18 05:00:00,62.0,9.0,12.4458885,5.0
2018-08-18 06:00:00,62.0,9.0,28.460438,5.0
2018-08-18 07:00:00,62.0,9.0,62.591263,5.0
2018-08-18 08:00:00,62.0,9.0,125.99106,5.0
2018-08-18 09:00:00,62.0,9.0,157.9683,6.0
2018-08-18 10:00:00,62.0,9.0,193.10963,5.0
2018-08-18 11:00:00,62.0,9.0,224.12021,5.0
2018-08-18 12:00:00,62.0,9.0,191.74838,6.0
2018-08-18 13:00:00,62.0,9.0,238.56305,6.0
2018-08-18 14:00:00,62.0,9.0,469.08105,6.0
2018-08-18 15:00:00,62.0,9.0,458.73105,6.0
2018-08-18 16:00:00,62.0,9.0,274.74615,6.0
2018-08-18 17:00:00,62.0,9.0,170.02295,6.0
2018-08-18 18:00:00,62.0,9.0,113.42,6.0
2018-08-18 19:00:00,62.0,9.0,29.124676,5.0
2018-08-18 20:00:00,62.0,9.0,0.0,4.0
2018-08-18 21:00:00,62.0,9.0,0.0,4.0
2018-08-18 22:00:00,62.0,9.0,0.0,4.0
2018-08-18 23:00:00,62.0,9.0,0.0,4.0
2018-08-19 00:00:00,62.0,9.0,0.0,4.0
2018-08-19 01:00:00,62.0,9.0,0.0,4.0
2018-08-19 02:00:00,62.0,9.0,0.0,4.0
2018-08-19 03:00:00,62.0,9.0,0.0,4.0
2018-08-19 04:00:00,62.0,9.0,2.0,4.0
2018-08-19 05:00:00,62.0,9.0,46.050323,6.0
2018-08-19 06:00:00,62.0,9.0,138.81697,6.0
2018-08-19 07:00:00,62.0,9.0,253.7134,6.0
2018-08-19 08:00:00,62.0,9.0,377.65588,6.0
2018-08-19 09:00:00,62.0,9.0,521.1022,6.0
2018-08-19 10:00:00,62.0,9.0,582.6026,6.0
2018-08-19 11:00:00,62.0,9.0,648.18896,6.0
2018-08-19 12:00:00,62.0,9.0,671.9198,6.0
2018-08-19 13:00:00,62.0,9.0,684.2554,6.0
2018-08-19 14:00:00,62.0,9.0,590.6621,6.0
2018-08-19 15:00:00,62.0,9.0,478.62872,6.0
2018-08-19 16:00:00,62.0,9.0,259.54398,6.0
2018-08-19 17:00:00,62.0,9.0,182.68802,6.0
2018-08-19 18:00:00,62.0,9.0,111.92534,6.0
2018-08-19 19:00:00,62.0,9.0,21.455318,5.0
2018-08-19 20:00:00,62.0,9.0,0.0,4.0
2018-08-19 21:00:00,62.0,9.0,0.0,4.0
2018-08-19 22:00:00,62.0,9.0,0.0,4.0
2018-08-19 23:00:00,62.0,9.0,0.0,4.0
2018-08-20 00:00:00,62.0,9.0,0.0,4.0
2018-08-20 01:00:00,62.0,9.0,0.0,4.0
2018-08-20 02:00:00,62.0,9.0,0.0,4.0
2018-08-20 03:00:00,62.0,9.0,0.0,4.0
2018-08-20 04:00:00,62.0,9.0,3.0,4.0
2018-08-20 05:00:00,62.0,9.0,33.42848,5.0
2018-08-20 06:00:00,62.0,9.0,89.21768,6.0
2018-08-20 07:00:00,62.0,9.0,129.67984,6.0
2018-08-20 08:00:00,62.0,9.0,196.42313,6.0
2018-08-20 09:00:00,62.0,9.0,331.29712,6.0
2018-08-20 10:00:00,62.0,9.0,394.08813,6.0
2018-08-20 11:00:00,62.0,9.0,431.29333,6.0
2018-08-20 12:00:00,62.0,9.0,438.49115,6.0
2018-08-20 13:00:00,62.0,9.0,507.1409,6.0
2018-08-20 14:00:00,62.0,9.0,438.985,6.0
2018-08-20 15:00:00,62.0,9.0,383.34186,6.0
2018-08-20 16:00:00,62.0,9.0,317.12555,6.0
2018-08-20 17:00:00,62.0,9.0,213.04138,6.0
2018-08-20 18:00:00,62.0,9.0,123.28766,6.0
2018-08-20 19:00:00,62.0,9.0,28.96281,5.0
2018-08-20 20:00:00,62.0,9.0,0.0,4.0
2018-08-20 21:00:00,62.0,9.0,0.0,4.0
2018-08-20 22:00:00,62.0,9.0,0.0,4.0
2018-08-20 23:00:00,62.0,9.0,0.0,4.0
2018-08-21 00:00:00,62.0,9.0,0.0,4.0
2018-08-21 01:00:00,62.0,9.0,0.0,4.0
2018-08-21 02:00:00,62.0,9.0,0.0,4.0
2018-08-21 03:00:00,62.0,9.0,0.0,4.0
2018-08-21 04:00:00,62.0,9.0,2.0,4.0
2018-08-21 05:00:00,62.0,9.0,70.72701,5.0
2018-08-21 06:00:00,62.0,9.0,205.82335,6.0
2018-08-21 07:00:00,62.0,9.0,313.36578,6.0
2018-08-21 08:00:00,62.0,9.0,390.05588,6.0
2018-08-21 09:00:00,62.0,9.0,475.7011,6.0
2018-08-21 10:00:00,62.0,9.0,505.74692,6.0
2018-08-21 11:00:00,62.0,9.0,575.8321,6.0
2018-08-21 12:00:00,62.0,9.0,613.4043,6.0
2018-08-21 13:00:00,62.0,9.0,607.5754,6.0
2018-08-21 14:00:00,62.0,9.0,591.8454,6.0
2018-08-21 15:00:00,62.0,9.0,433.67905,6.0
2018-08-21 16:00:00,62.0,9.0,271.51636,6.0
2018-08-21 17:00:00,62.0,9.0,169.42348,6.0
2018-08-21 18:00:00,62.0,9.0,91.854294,6.0
2018-08-21 19:00:00,62.0,9.0,12.471958,5.0
2018-08-21 20:00:00,62.0,9.0,0.0,4.0
2018-08-21 21:00:00,62.0,9.0,0.0,4.0
2018-08-21 22:00:00,62.0,9.0,0.0,4.0
2018-08-21 23:00:00,62.0,9.0,0.0,4.0
2018-08-22 00:00:00,62.0,9.0,0.0,4.0
2018-08-22 01:00:00,62.0,9.0,0.0,4.0
2018-08-22 02:00:00,62.0,9.0,0.0,4.0
2018-08-22 03:00:00,62.0,9.0,0.0,4.0
2018-08-22 04:00:00,62.0,9.0,1.0,4.0
2018-08-22 05:00:00,62.0,9.0,10.0,4.0
2018-08-22 06:00:00,62.0,9.0,31.950218,5.0
2018-08-22 07:00:00,62.0,9.0,116.20239,5.0
2018-08-22 08:00:00,62.0,9.0,224.16013,5.0
2018-08-22 09:00:00,62.0,9.0,218.27692,5.0
2018-08-22 10:00:00,62.0,9.0,150.68045,5.0
2018-08-22 11:00:00,62.0,9.0,118.90033,5.0
2018-08-22 12:00:00,62.0,9.0,163.91466,5.0
2018-08-22 13:00:00,62.0,9.0,170.54561,5.0
2018-08-22 14:00:00,62.0,9.0,153.02899,6.0
2018-08-22 15:00:00,62.0,9.0,149.86526,5.0
2018-08-22 16:00:00,62.0,9.0,117.727005,6.0
2018-08-22 17:00:00,62.0,9.0,145.35577,5.0
2018-08-22 18:00:00,62.0,9.0,86.36879,6.0
2018-08-22 19:00:00,62.0,9.0,12.508888,5.0
2018-08-22 20:00:00,62.0,9.0,0.0,4.0
2018-08-22 21:00:00,62.0,9.0,0.0,4.0
2018-08-22 22:00:00,62.0,9.0,0.0,4.0
2018-08-22 23:00:00,62.0,9.0,0.0,4.0
2018-08-23 00:00:00,62.0,9.0,0.0,4.0
2018-08-23 01:00:00,62.0,9.0,0.0,4.0
2018-08-23 02:00:00,62.0,9.0,0.0,4.0
2018-08-23 03:00:00,62.0,9.0,0.0,4.0
2018-08-23 04:00:00,62.0,9.0,1.0,4.0
2018-08-23 05:00:00,62.0,9.0,56.83374,5.0
2018-08-23 06:00:00,62.0,9.0,104.270645,6.0
2018-08-23 07:00:00,62.0,9.0,196.67644,6.0
2018-08-23 08:00:00,62.0,9.0,338.2059,6.0
2018-08-23 09:00:00,62.0,9.0,413.42853,6.0
2018-08-23 10:00:00,62.0,9.0,517.2084,6.0
2018-08-23 11:00:00,62.0,9.0,580.18,6.0
2018-08-23 12:00:00,62.0,9.0,500.6551,6.0
2018-08-23 13:00:00,62.0,9.0,344.55347,6.0
2018-08-23 14:00:00,62.0,9.0,241.78198,6.0
2018-08-23 15:00:00,62.0,9.0,175.10362,6.0
2018-08-23 16:00:00,62.0,9.0,157.28523,6.0
2018-08-23 17:00:00,62.0,9.0,128.17819,6.0
2018-08-23 18:00:00,62.0,9.0,78.16344,6.0
2018-08-23 19:00:00,62.0,9.0,8.06941,5.0
2018-08-23 20:00:00,62.0,9.0,0.0,4.0
2018-08-23 21:00:00,62.0,9.0,0.0,4.0
2018-08-23 22:00:00,62.0,9.0,0.0,4.0
2018-08-23 23:00:00,62.0,9.0,0.0,4.0
2018-08-24 00:00:00,62.0,9.0,0.0,4.0
2018-08-24 01:00:00,62.0,9.0,0.0,4.0
2018-08-24 02:00:00,62.0,9.0,0.0,4.0
2018-08-24 03:00:00,62.0,9.0,0.0,4.0
2018-08-24 04:00:00,62.0,9.0,1.0,4.0
2018-08-24 05:00:00,62.0,9.0,16.238167,5.0
2018-08-24 06:00:00,62.0,9.0,77.9222,5.0
2018-08-24 07:00:00,62.0,9.0,154.6981,6.0
2018-08-24 08:00:00,62.0,9.0,176.93512,6.0
2018-08-24 09:00:00,62.0,9.0,240.59303,6.0
2018-08-24 10:00:00,62.0,9.0,391.46924,6.0
2018-08-24 11:00:00,62.0,9.0,308.61813,6.0
2018-08-24 12:00:00,62.0,9.0,259.191,6.0
2018-08-24 13:00:00,62.0,9.0,215.8879,6.0
2018-08-24 14:00:00,62.0,9.0,269.6595,6.0
2018-08-24 15:00:00,62.0,9.0,140.91647,6.0
2018-08-24 16:00:00,62.0,9.0,82.9779,5.0
2018-08-24 17:00:00,62.0,9.0,60.226883,5.0
2018-08-24 18:00:00,62.0,9.0,41.55915,5.0
2018-08-24 19:00:00,62.0,9.0,4.8762083,5.0
2018-08-24 20:00:00,62.0,9.0,0.0,4.0
2018-08-24 21:00:00,62.0,9.0,0.0,4.0
2018-08-24 22:00:00,62.0,9.0,0.0,4.0
2018-08-24 23:00:00,62.0,9.0,0.0,4.0
2018-08-25 00:00:00,62.0,9.0,0.0,4.0
2018-08-25 01:00:00,62.0,9.0,0.0,4.0
2018-08-25 02:00:00,62.0,9.0,0.0,4.0
2018-08-25 03:00:00,62.0,9.0,0.0,4.0
2018-08-25 04:00:00,62.0,9.0,0.0,4.0
2018-08-25 05:00:00,62.0,9.0,51.728844,5.0
2018-08-25 06:00:00,62.0,9.0,145.17645,5.0
2018-08-25 07:00:00,62.0,9.0,227.44392,6.0
2018-08-25 08:00:00,62.0,9.0,256.7348,6.0
2018-08-25 09:00:00,62.0,9.0,369.39435,6.0
2018-08-25 10:00:00,62.0,9.0,469.15146,6.0
2018-08-25 11:00:00,62.0,9.0,546.5454,6.0
2018-08-25 12:00:00,62.0,9.0,507.40857,6.0
2018-08-25 13:00:00,62.0,9.0,394.02667,6.0
2018-08-25 14:00:00,62.0,9.0,268.61963,6.0
2018-08-25 15:00:00,62.0,9.0,311.2714,6.0
2018-08-25 16:00:00,62.0,9.0,229.35431,5.0
2018-08-25 17:00:00,62.0,9.0,116.20419,6.0
2018-08-25 18:00:00,62.0,9.0,74.602066,6.0
2018-08-25 19:00:00,62.0,9.0,9.172451,5.0
2018-08-25 20:00:00,62.0,9.0,0.0,4.0
2018-08-25 21:00:00,62.0,9.0,0.0,4.0
2018-08-25 22:00:00,62.0,9.0,0.0,4.0
2018-08-25 23:00:00,62.0,9.0,0.0,4.0
2018-08-26 00:00:00,62.0,9.0,0.0,4.0
2018-08-26 01:00:00,62.0,9.0,0.0,4.0
2018-08-26 02:00:00,62.0,9.0,0.0,4.0
2018-08-26 03:00:00,62.0,9.0,0.0,4.0
2018-08-26 04:00:00,62.0,9.0,0.0,4.0
2018-08-26 05:00:00,62.0,9.0,20.671825,5.0
2018-08-26 06:00:00,62.0,9.0,90.80313,6.0
2018-08-26 07:00:00,62.0,9.0,159.43013,6.0
2018-08-26 08:00:00,62.0,9.0,244.75937,6.0
2018-08-26 09:00:00,62.0,9.0,265.1623,6.0
2018-08-26 10:00:00,62.0,9.0,442.11407,6.0
2018-08-26 11:00:00,62.0,9.0,392.3662,6.0
2018-08-26 12:00:00,62.0,9.0,373.4643,6.0
2018-08-26 13:00:00,62.0,9.0,453.9875,6.0
2018-08-26 14:00:00,62.0,9.0,392.4722,6.0
2018-08-26 15:00:00,62.0,9.0,398.0006,6.0
2018-08-26 16:00:00,62.0,9.0,254.05414,6.0
2018-08-26 17:00:00,62.0,9.0,169.41177,6.0
2018-08-26 18:00:00,62.0,9.0,87.97186,6.0
2018-08-26 19:00:00,62.0,9.0,17.047873,5.0
2018-08-26 20:00:00,62.0,9.0,0.0,4.0
2018-08-26 21:00:00,62.0,9.0,0.0,4.0
2018-08-26 22:00:00,62.0,9.0,0.0,4.0
2018-08-26 23:00:00,62.0,9.0,0.0,4.0
2018-08-27 00:00:00,62.0,9.0,0.0,4.0
2018-08-27 01:00:00,62.0,9.0,0.0,4.0
2018-08-27 02:00:00,62.0,9.0,0.0,4.0
2018-08-27 03:00:00,62.0,9.0,0.0,4.0
2018-08-27 04:00:00,62.0,9.0,0.0,4.0
2018-08-27 05:00:00,62.0,9.0,14.091827,5.0
2018-08-27 06:00:00,62.0,9.0,46.94473,5.0
2018-08-27 07:00:00,62.0,9.0,82.399536,6.0
2018-08-27 08:00:00,62.0,9.0,100.938965,6.0
2018-08-27 09:00:00,62.0,9.0,139.85764,6.0
2018-08-27 10:00:00,62.0,9.0,193.07034,6.0
2018-08-27 11:00:00,62.0,9.0,194.54385,6.0
2018-08-27 12:00:00,62.0,9.0,199.41798,5.0
2018-08-27 13:00:00,62.0,9.0,130.64963,5.0
2018-08-27 14:00:00,62.0,9.0,116.1747,5.0
2018-08-27 15:00:00,62.0,9.0,87.141815,5.0
2018-08-27 16:00:00,62.0,9.0,67.055565,5.0
2018-08-27 17:00:00,62.0,9.0,52.777023,5.0
2018-08-27 18:00:00,62.0,9.0,15.6488,5.0
2018-08-27 19:00:00,62.0,9.0,0.0,4.0
2018-08-27 20:00:00,62.0,9.0,0.0,4.0
2018-08-27 21:00:00,62.0,9.0,0.0,4.0
2018-08-27 22:00:00,62.0,9.0,0.0,4.0
2018-08-27 23:00:00,62.0,9.0,0.0,4.0
2018-08-28 00:00:00,62.0,9.0,0.0,4.0
2018-08-28 01:00:00,62.0,9.0,0.0,4.0
2018-08-28 02:00:00,62.0,9.0,0.0,4.0
2018-08-28 03:00:00,62.0,9.0,0.0,4.0
2018-08-28 04:00:00,62.0,9.0,0.0,4.0
2018-08-28 05:00:00,62.0,9.0,13.562801,5.0
2018-08-28 06:00:00,62.0,9.0,68.8152,5.0
2018-08-28 07:00:00,62.0,9.0,143.63585,6.0
2018-08-28 08:00:00,62.0,9.0,222.03818,6.0
2018-08-28 09:00:00,62.0,9.0,349.8513,6.0
2018-08-28 10:00:00,62.0,9.0,470.01038,6.0
2018-08-28 11:00:00,62.0,9.0,466.3894,6.0
2018-08-28 12:00:00,62.0,9.0,572.46826,6.0
2018-08-28 13:00:00,62.0,9.0,444.65497,6.0
2018-08-28 14:00:00,62.0,9.0,362.82495,6.0
2018-08-28 15:00:00,62.0,9.0,267.128,6.0
2018-08-28 16:00:00,62.0,9.0,203.26324,6.0
2018-08-28 17:00:00,62.0,9.0,135.24019,6.0
2018-08-28 18:00:00,62.0,9.0,77.100174,6.0
2018-08-28 19:00:00,62.0,9.0,7.1508255,5.0
2018-08-28 20:00:00,62.0,9.0,0.0,4.0
2018-08-28 21:00:00,62.0,9.0,0.0,4.0
2018-08-28 22:00:00,62.0,9.0,0.0,4.0
2018-08-28 23:00:00,62.0,9.0,0.0,4.0
2018-08-29 00:00:00,62.0,9.0,0.0,4.0
2018-08-29 01:00:00,62.0,9.0,0.0,4.0
2018-08-29 02:00:00,62.0,9.0,0.0,4.0
2018-08-29 03:00:00,62.0,9.0,0.0,4.0
2018-08-29 04:00:00,62.0,9.0,0.0,4.0
2018-08-29 05:00:00,62.0,9.0,14.544573,5.0
2018-08-29 06:00:00,62.0,9.0,56.324043,5.0
2018-08-29 07:00:00,62.0,9.0,122.493225,6.0
2018-08-29 08:00:00,62.0,9.0,184.24313,6.0
2018-08-29 09:00:00,62.0,9.0,251.78827,6.0
2018-08-29 10:00:00,62.0,9.0,289.28235,6.0
2018-08-29 11:00:00,62.0,9.0,311.39075,6.0
2018-08-29 12:00:00,62.0,9.0,226.76196,6.0
2018-08-29 13:00:00,62.0,9.0,172.4403,6.0
2018-08-29 14:00:00,62.0,9.0,173.40546,5.0
2018-08-29 15:00:00,62.0,9.0,170.39272,5.0
2018-08-29 16:00:00,62.0,9.0,87.405655,5.0
2018-08-29 17:00:00,62.0,9.0,49.444504,5.0
2018-08-29 18:00:00,62.0,9.0,29.404083,5.0
2018-08-29 19:00:00,62.0,9.0,0.0,4.0
2018-08-29 20:00:00,62.0,9.0,0.0,4.0
2018-08-29 21:00:00,62.0,9.0,0.0,4.0
2018-08-29 22:00:00,62.0,9.0,0.0,4.0
2018-08-29 23:00:00,62.0,9.0,0.0,4.0
2018-08-30 00:00:00,62.0,9.0,0.0,4.0
2018-08-30 01:00:00,62.0,9.0,0.0,4.0
2018-08-30 02:00:00,62.0,9.0,0.0,4.0
2018-08-30 03:00:00,62.0,9.0,0.0,4.0
2018-08-30 04:00:00,62.0,9.0,0.0,4.0
2018-08-30 05:00:00,62.0,9.0,29.829079,5.0
2018-08-30 06:00:00,62.0,9.0,142.84174,6.0
2018-08-30 07:00:00,62.0,9.0,247.20009,6.0
2018-08-30 08:00:00,62.0,9.0,383.43213,6.0
2018-08-30 09:00:00,62.0,9.0,466.63446,6.0
2018-08-30 10:00:00,62.0,9.0,558.1045,6.0
2018-08-30 11:00:00,62.0,9.0,620.1249,6.0
2018-08-30 12:00:00,62.0,9.0,647.8074,6.0
2018-08-30 13:00:00,62.0,9.0,575.5652,6.0
2018-08-30 14:00:00,62.0,9.0,473.17944,6.0
2018-08-30 15:00:00,62.0,9.0,361.43912,6.0
2018-08-30 16:00:00,62.0,9.0,210.30415,6.0
2018-08-30 17:00:00,62.0,9.0,104.44313,6.0
2018-08-30 18:00:00,62.0,9.0,41.18315,5.0
2018-08-30 19:00:00,62.0,9.0,3.7753334,5.0
2018-08-30 20:00:00,62.0,9.0,0.0,4.0
2018-08-30 21:00:00,62.0,9.0,0.0,4.0
2018-08-30 22:00:00,62.0,9.0,0.0,4.0
2018-08-30 23:00:00,62.0,9.0,0.0,4.0
2018-08-31 00:00:00,62.0,9.0,0.0,4.0
2018-08-31 01:00:00,62.0,9.0,0.0,4.0
2018-08-31 02:00:00,62.0,9.0,0.0,4.0
2018-08-31 03:00:00,62.0,9.0,0.0,4.0
2018-08-31 04:00:00,62.0,9.0,0.0,4.0
2018-08-31 05:00:00,62.0,9.0,15.926754,5.0
2018-08-31 06:00:00,62.0,9.0,61.278854,5.0
2018-08-31 07:00:00,62.0,9.0,133.78377,6.0
2018-08-31 08:00:00,62.0,9.0,238.79176,6.0
2018-08-31 09:00:00,62.0,9.0,368.92487,6.0
2018-08-31 10:00:00,62.0,9.0,532.9735,6.0
2018-08-31 11:00:00,62.0,9.0,627.808,6.0
2018-08-31 12:00:00,62.0,9.0,618.2826,6.0
2018-08-31 13:00:00,62.0,9.0,541.859,6.0
2018-08-31 14:00:00,62.0,9.0,428.65448,6.0
2018-08-31 15:00:00,62.0,9.0,335.11444,6.0
2018-08-31 16:00:00,62.0,9.0,229.55827,6.0
2018-08-31 17:00:00,62.0,9.0,164.6121,6.0
2018-08-31 18:00:00,62.0,9.0,75.11998,6.0
2018-08-31 19:00:00,62.0,9.0,6.6226616,5.0
2018-08-31 20:00:00,62.0,9.0,0.0,4.0
2018-08-31 21:00:00,62.0,9.0,0.0,4.0
2018-08-31 22:00:00,62.0,9.0,0.0,4.0
2018-08-31 23:00:00,62.0,9.0,0.0,4.0
2018-09-01 00:00:00,62.0,9.0,0.0,4.0
2018-09-01 01:00:00,62.0,9.0,0.0,4.0
2018-09-01 02:00:00,62.0,9.0,0.0,4.0
2018-09-01 03:00:00,62.0,9.0,0.0,4.0
2018-09-01 04:00:00,62.0,9.0,0.0,4.0
2018-09-01 05:00:00,62.0,9.0,47.319584,5.0
2018-09-01 06:00:00,62.0,9.0,129.03868,6.0
2018-09-01 07:00:00,62.0,9.0,247.43016,6.0
2018-09-01 08:00:00,62.0,9.0,271.597,6.0
2018-09-01 09:00:00,62.0,9.0,315.85678,6.0
2018-09-01 10:00:00,62.0,9.0,408.3739,6.0
2018-09-01 11:00:00,62.0,9.0,472.35056,6.0
2018-09-01 12:00:00,62.0,9.0,418.9643,6.0
2018-09-01 13:00:00,62.0,9.0,485.59088,6.0
2018-09-01 14:00:00,62.0,9.0,427.2359,6.0
2018-09-01 15:00:00,62.0,9.0,266.8236,6.0
2018-09-01 16:00:00,62.0,9.0,186.42123,6.0
2018-09-01 17:00:00,62.0,9.0,88.904434,6.0
2018-09-01 18:00:00,62.0,9.0,34.782593,6.0
